736281930073677827	2016-05-27 19:44:26	ACTION ALERT: Public comments are open through TODAY, May 27 on the Mount Baker-Snoqualmie National Forest's... https://t.co/rC4vWVRzNw	0	1		0	7927	1	
736271085063180288	2016-05-27 19:01:20	Forest Planning  (Short version) https://t.co/Sph3dxaphW via @YouTube	0	0		0	0	0	
736252998309941248	2016-05-27 17:49:28	#WorldsShortestGrant will help protect land in BC &amp; WA so grizzly bears can move as climate changes. @So_Delicious https://t.co/5HLUNpMFUp	7	5	WorldsShortestGrant,	1	6843	5	
736251292457140225	2016-05-27 17:42:41	Killing grizzly nets prison sentence for Spokane-area man https://t.co/wQpBbpCLeM	1	1		0	403	1	
736246450766544896	2016-05-27 17:23:27	https://t.co/K8N08ZAeUC	0	1		0	3027	1	
736241118015148032	2016-05-27 17:02:15	Interested in learning about grizzly bears in the North Cascades, the most at risk grizzly population in North... https://t.co/7MbOIBYhLg	3	3		0	4574	3	
735953920460132352	2016-05-26 22:01:02	Ranchers and other wildlife stakeholders in southeast Washington recently attended a briefing on wolf recovery,... https://t.co/9f3um9g7tG	1	0		0	0	0	
735901300248846336	2016-05-26 18:31:57	Turn fur trappers into biologists to protect the lynx! #WorldsShortestGrant will buy trapper training @So_Delicious https://t.co/ngrQKTVQWH	3	0	WorldsShortestGrant,	1	0	0	
735600943614418945	2016-05-25 22:38:26	Murray, Cantwell move to block copper mine in upper Methow Valley https://t.co/oAa2jxRgCv via @seattlepi	2	0		0	0	0	
735581759199281152	2016-05-25 21:22:12	Methow Headwaters Campaign gets big boost with bill to protect the Methow from large-scale mining. Thanks @PattyMurray for your leadership!	3	1		0	397	1	
735581047442706432	2016-05-25 21:19:22	Fantastic news today for the Methow Headwaters Campaign! Senators Patty Murray and Maria Cantwell have introduced... https://t.co/adwAe756EU	4	3		0	12561	3	
735574966695927808	2016-05-25 20:55:13	RT @PattyMurray: Murray, @SenatorCantwell introduce bill to protect Methow Valley Headwaters from mining ‚Üí https://t.co/iBFFztp3hb https://‚Ä¶	0	10		0	0	0	
735554567677480960	2016-05-25 19:34:09	Strong interest in protecting South Okanagan-Similkameen areas https://t.co/nC91NAs5VG	0	0		0	0	0	
735513810325233664	2016-05-25 16:52:12	A great opportunity to support wildlife, habitat and wildlands conservation in northeast Washington!... https://t.co/Xz45M8z4mM	0	0		0	0	0	
735147918194184192	2016-05-24 16:38:16	Be #BearAware this summer: https://t.co/kvYuAnjHTT via @MountaineersOrg @WTA_hikers @EvergreenMTB @ConservationNW	1	2	BearAware,	1	4897	2	
734810317335592960	2016-05-23 18:16:46	RT @MountaineersOrg: Bears, beers, and tales with David Moskowitz June 29! Register, it's FREE: https://t.co/Y1uiL8GArE @ConservationNW @WT‚Ä¶	0	3		0	0	0	
734796057834491904	2016-05-23 17:20:06	We're hiring an Outreach Coordinator in Eastern Washington! We're looking for an organized, motivated, locally... https://t.co/JSTmrqgzLG	3	2		0	8580	2	
734784015878651904	2016-05-23 16:32:15	RT @rhausske: @ConservationNW https://t.co/Y2wQrIvUjz	0	2		0	0	0	
734781479973052416	2016-05-23 16:22:11	RT @OutdoorAlliance: In #Idaho, selling off public lands is a loser in elections #ProtectPublicLands https://t.co/PxcUNgQlzy https://t.co/P‚Ä¶	0	4	Idaho,ProtectPublicLands,	2	0	0	
734066232052322304	2016-05-21 17:00:02	Though common in much of the West, badgers are relatively scarce in Washington and endangered in British... https://t.co/wdRccDQRJr	1	0		0	0	0	
733762711293591552	2016-05-20 20:53:57	RT @DymburtNews: The truth about the #OregonStandoff and Federal land in Harney County: https://t.co/Brog9g6Xmq	0	5	OregonStandoff,	1	0	0	
733740896085286913	2016-05-20 19:27:16	Today is #EndangeredSpeciesDay! Diverse animal species make the Northwest rich and vibrant. And thriving wildlife... https://t.co/SHBKkRuK6e	0	1	EndangeredSpeciesDay,	1	371	1	
733726397471031296	2016-05-20 18:29:39	RT @CPAWSbc: Gov't expected to respond soon on South #Okanagan Similkameen national #park issue @OliverChronicle https://t.co/FhmvuG52ub #S‚Ä¶	0	3	Okanagan,park,SayYesSOS,	3	0	0	
733726284270997504	2016-05-20 18:29:12	An update on the proposed South Okanagan-Similkameen National Park on the Washington-Canada border: https://t.co/i7yc9vVAva. #SOSPark	0	0	SOSPark,	1	0	0	
733724346670190592	2016-05-20 18:21:30	Every 2.5 min, a football field‚Äôs worth of land in the West is lost to development. Explore the #DisappearingWest:  https://t.co/z2ES6Qb2Qu	1	0	DisappearingWest,	1	0	0	
733719150661619712	2016-05-20 18:00:52	Lands in the American West are disappearing to development at a rate of a football field every 2.5 minutes. Learn... https://t.co/CgN4VgbAmS	0	0		0	0	0	
733505980323893249	2016-05-20 03:53:48	Wolves in Washington's Loup Loup Pack are being collared to aid in wolf research and wolf-livestock conflict... https://t.co/3VVtyNJr3L	0	0		0	0	0	
733354290484379649	2016-05-19 17:51:02	An important reminder regarding baby animals from the Washington Department of Fish &amp; Wildlife. https://t.co/9WoeWy6qVz	0	2		0	36039	2	
733083756106383360	2016-05-18 23:56:02	@WilburforceFdn And THANK YOU for your support! #KeepingtheNorthwestWild	0	0	KeepingtheNorthwestWild,	1	0	0	
733083648128258049	2016-05-18 23:55:36	RT @WilburforceFdn: Great work, @ConservationNW! Thanks for your leadership and dedication on this issue.  https://t.co/7Cljh8yEXd	0	2		0	0	0	
733029100156133376	2016-05-18 20:18:51	"What's happening right now on I-90 up at Snoqualmie Pass is groundbreaking" Watch trailer for Cascade Crossroads; https://t.co/lpOw4SO9Me	4	4		0	1676	4	
732995250319302657	2016-05-18 18:04:20	We're excited to share a brand new trailer for a film that will tell the story of the monumental wildlife... https://t.co/2D4dH9URLR	2	1		0	66	1	
732649528113823745	2016-05-17 19:10:34	A fun and informative grizzly bear event coming up on June 7 in Seattle! #SavetheCascadesGrizzly https://t.co/dZ6neN9foo	1	0	SavetheCascadesGrizzly,	1	0	0	
732641178999357440	2016-05-17 18:37:23	'Necessary evil': saving the endangered caribou might mean killing wolves https://t.co/yfZ3Hn5Axk #WoodlandCaribou	1	2	WoodlandCaribou,	1	60	2	
732629511859109888	2016-05-17 17:51:01	Our friends at the Spokane Mountaineers are leading a day hike into the Cougar Mountain and Thirteen Mile... https://t.co/vUOzD21Y8w	0	0		0	0	0	
732629315309821953	2016-05-17 17:50:15	Our friends at the Spokane Mountaineers are leading a day hike into the Cougar Mountain and Thirteen Mile... https://t.co/mpfYg5KP0u	0	0		0	0	0	
732251592309661696	2016-05-16 16:49:18	Prescribed burning is an important tool for maintaining healthy forests, safe communities and quality wildlife... https://t.co/Cw6bLL9NPo	3	2		0	2304	2	
732249147043012609	2016-05-16 16:39:35	More on recent Washington Wolf Advisory Group developments from Capitol Press. The new policy retains four... https://t.co/PvvjbTWG9Y	1	0		0	0	0	
731174239319949312	2016-05-13 17:28:17	Important agreement out of Washington's Wolf Advisory Group today. As wolf populations grow in Washington, under... https://t.co/uxPDdrVdli	2	1		0	256	1	
731166606005428224	2016-05-13 16:57:57	Our Executive Director remarks on Conservation Northwest's new affiliation with the National Wildlife Federation. https://t.co/4nRuVitzlE	2	1		0	348	1	
730528976888717312	2016-05-11 22:44:15	Join us for a workshop on North Cascades grizzly bear restoration in Darrington, WA this Saturday: https://t.co/LPPnXRwbJd @CascadesGrizzly	0	0		0	0	0	
730477777485336577	2016-05-11 19:20:48	An interesting piece on new findings related to wolf management.  #newline##newline#In October 2014, Conservation Northwest and... https://t.co/5wAZOqwmJu	1	0		0	0	0	
730439567287844864	2016-05-11 16:48:58	National Geographic recently featured Chris Morgan Wildlife's film on North Cascades grizzly bears! Check it out... https://t.co/gdrKWR4PB4	4	3		0	9398	3	
730437265382510592	2016-05-11 16:39:49	RT @vitalground: Stay bear-aware on your summer hikes, and carry bear spray!  #newline#https://t.co/CR94w7yCWN	0	4		0	0	0	
730098755668598784	2016-05-10 18:14:42	Hikers, Hunters, Birders on #PublicLands Mean Millions of $ for Local Communities https://t.co/ZJVyyHO4JI @WTA_hikers #ProtectPublicLands	1	1	PublicLands,ProtectPublicLands,	2	515	1	
730079962779164673	2016-05-10 17:00:02	Sad news for a southeast Washington wolf pack. The breeding female wolf, a member of the Tucannon Pack, likely... https://t.co/uEickh3DBu	0	0		0	0	0	
730077907750522880	2016-05-10 16:51:52	Weigh in on grizzly bear plan Saturday in Darrington: https://t.co/gTEKjA4JZQ via @EverettHerald #SavetheCascadesGrizzly @CascadesGrizzly	1	4	SavetheCascadesGrizzly,	1	4619	4	
730077095666192384	2016-05-10 16:48:38	Join us this Saturday, May 14 from 3:00 to 5:00 pm at the Darrington Community Center in Snohomish County for an... https://t.co/Btjumm9QOX	0	1		0	408	1	
729737363736256513	2016-05-09 18:18:40	RT @seattletimes: Canadian fire is grim reminder, warning for Eastern Washington: https://t.co/apOLSP6uu7 https://t.co/YScKCbAajQ	0	29		0	0	0	
729732111091949568	2016-05-09 17:57:47	Researchers in 4 states unite for rare wolverine study https://t.co/diFbd8RykK via @Salon #wolverine	1	2	wolverine,	1	3040	2	
729717416352059392	2016-05-09 16:59:24	Over the weekend small fires broke out in the Chumstick area north of Leavenworth and in the Entiat area south of... https://t.co/FiVo2IzsHz	1	0		0	0	0	
728359750119759872	2016-05-05 23:04:31	We raised over $33,000 this year from GiveBIG, a new record! THANK YOU to all who donated and to the @SeattleFdn! https://t.co/3PMRAg16YI	5	0		0	0	0	
728003805304905728	2016-05-04 23:30:07	RT @climatesolution: Thanks @Pipsissewa! We're making a difference w/your help @PPact @wecprotects @WestSideBabySEA @SeattleOpera @ProChoic‚Ä¶	0	2		0	0	0	
727990069647134720	2016-05-04 22:35:32	For 26 years we‚Äôve kept the Northwest wild! Donate today and have your dollar matched by the @SeattleFdn. https://t.co/IBSgPmBCqR	0	0		0	0	0	
727950279056838657	2016-05-04 19:57:25	Old-growth trees are big. Grizzly bears are big. The landscapes we protect are big. Will you #GiveBIG today? https://t.co/IBSgPmBCqR	1	0	GiveBIG,	1	0	0	
727948883838435329	2016-05-04 19:51:53	RT @Pipsissewa: #GiveBIG 'til midnight Weds! I supported @PPact @wecprotects @WestSideBabySEA @SeattleOpera @ProChoiceWA @ConservationNW @c‚Ä¶	0	3	GiveBIG,	1	0	0	
727928998928351232	2016-05-04 18:32:52	Due to problems with the donation website yesterday, #GiveBIG has been extended through midnight tonight! This is... https://t.co/kUOQ8Ir2Wo	1	0	GiveBIG,	1	0	0	
727909451177435136	2016-05-04 17:15:11	#GiveBIG has been extended through May 4! If you haven't already, please give online and have your donation matched! https://t.co/IBSgPmBCqR	1	0	GiveBIG,	1	0	0	
727902891982258176	2016-05-04 16:49:07	A few updates on wolf activity in northeast Washington and wolf monitoring work in the North Cascades in the... https://t.co/7bUqtTHXvc	0	0		0	0	0	
727897524996997120	2016-05-04 16:27:48	RT @NWF: Congress names bison as official national mammal! Help secure habitat for them to roam: https://t.co/TAJbPhSxCd https://t.co/50L4f‚Ä¶	0	138		0	0	0	
727893958076981248	2016-05-04 16:13:37	RT @KING5Seattle: Biologists track sage grouse in Douglas Co. @AlisonMorrowK5 reports -  https://t.co/1eMx3oyE21	0	5		0	0	0	
727638336794468352	2016-05-03 23:17:53	Due to the technical difficulties today, #GiveBIG has been extended through midnight Wednesday, May 4! You still... https://t.co/wlwMBfYQhp	1	0	GiveBIG,	1	0	0	
727627197633069056	2016-05-03 22:33:37	We do big work for wildlife &amp; wildlands. #GiveBIG today to help us keep the Northwest wild! https://t.co/IBSgPmBCqR https://t.co/IwsmlStx4h	1	0	GiveBIG,	1	0	0	
727603877600591872	2016-05-03 21:00:57	Today, your donation to Conservation NW will be matched by the @SeattleFdn! #GiveBIG at https://t.co/IBSgPmBCqR	0	0	GiveBIG,	1	0	0	
727590517429571584	2016-05-03 20:07:51	We do big things for Northwest wildlands and wildlife. Will you #GiveBIG today and have your donation matched by... https://t.co/gT9Wk4PfLE	1	0	GiveBIG,	1	0	0	
727553543326978048	2016-05-03 17:40:56	An interesting read from the University of Washington: https://t.co/RPg5tXBaYC#newline##newline#In areas where wolves are deemed... https://t.co/C6XDOnYG67	0	0		0	0	0	
727540718663671809	2016-05-03 16:49:59	Help us keep the NW wild by making a gift today for #GiveBIG: https://t.co/IBSgPmBCqR Video: https://t.co/DUWJIxHefn	0	1	GiveBIG,	1	830	1	
727535098250166272	2016-05-03 16:27:39	For 27 years we've worked to protect, connect and restore the amazing wildlands and wildlife of Washington and... https://t.co/8OiGrajXrz	2	1		0	1867	1	
727533340954218496	2016-05-03 16:20:40	Today is #GiveBIG! Make a gift for #PNW wolves, fishers, wilderness and wild ecosystems and it will be stretched: https://t.co/IBSgPmBCqR	0	0	GiveBIG,PNW,	2	0	0	
727238354828324864	2016-05-02 20:48:29	@MarkDeLaurier Hi Mark, absolutely! As an affiliate we are still a "sovereign" organization. But we have nation-wide backup now.	1	0		0	0	0	
727223442592821248	2016-05-02 19:49:14	How well do you know northeast Washington's Columbia Highlands? Learn about this unique area and why it deserves... https://t.co/MPKs89g82w	2	2		0	793	2	
727190488806121472	2016-05-02 17:38:17	RT @slewster: The @NWF Family Expands To Welcome Conservation Northwest @ConservationNW  https://t.co/TCAT7ckdla	0	1		0	0	0	
727189198768209920	2016-05-02 17:33:10	THANK YOU to everyone who joined us at our 13th annual Hope for a Wild Future auction and dinner last month!... https://t.co/dQqy9VhVEK	1	0		0	0	0	
727149350929879040	2016-05-02 14:54:49	Get the latest on our auction, a legal win for wolverines, a new campaign to protect public lands, and more in... https://t.co/ONnaS8Xhnp	0	0		0	0	0	
726195055141085184	2016-04-29 23:42:47	The National Wildlife Federation Family Expands To Welcome @ConservationNW https://t.co/FT2BpM5e3b via @NWF #KeepingtheNorthwestWild	0	0	KeepingtheNorthwestWild,	1	0	0	
725839278412951552	2016-04-29 00:09:04	The latest on Washington Wolf Advisory Group discussions from Capital Press. #WAWolves https://t.co/QBIhTt0s8l	0	0	WAWolves,	1	0	0	
725775721914724352	2016-04-28 19:56:31	https://t.co/4fj9JPUxdz	0	0		0	0	0	
725023730385088516	2016-04-26 18:08:22	According to Indian Country Today Media Network, fishers are the namesake of several Native American clans. In... https://t.co/E9BTVwLyTq	0	0		0	0	0	
725005727434039298	2016-04-26 16:56:50	Thanks for sharing, Outside Magazine! #SavetheCascadesGrizzly https://t.co/ECH19jcxCW	1	1	SavetheCascadesGrizzly,	1	403	1	
724745994844295168	2016-04-25 23:44:44	For the Pacific Fisher, aka Sxwemechen: Positive Signs, but no Endangered-Species Listing https://t.co/vheJCaroT4 via @IndianCountry	1	1		0	402	1	
724744049521893376	2016-04-25 23:37:01	Today is the last chance to support our friends at the Mountain Caribou Initiative: https://t.co/rm9amMzBto! #MountainCaribou	0	0	MountainCaribou,	1	0	0	
724743540526305280	2016-04-25 23:34:59	Today is the last chance to support our friends at the Mountain Caribou Initiative! Every dollar donated helps... https://t.co/NkyLSSQhqG	0	0		0	0	0	
724696092500103168	2016-04-25 20:26:27	https://t.co/JDsZQwy2sL	0	0		0	0	0	
724693730901397504	2016-04-25 20:17:04	For over 27 years, we've been Keeping the Northwest Wild https://t.co/DUWJIxHefn #WildNW #KeepingtheNWWild. Join us: https://t.co/FyW0QTdf7L	0	0	WildNW,KeepingtheNWWild,	2	0	0	
724693090074644480	2016-04-25 20:14:31	Anne Weismann: Lands-transfer salesman can‚Äôt deliver the goods https://t.co/VnJTi9WTJw #KeepItPublic #ProtectPublicLands	0	0	KeepItPublic,ProtectPublicLands,	2	0	0	
724688954260234240	2016-04-25 19:58:05	Even if you couldn't join us for our Hope for a Wild Future auction last week, you can still support our work... https://t.co/pl2oOzn2Oq	0	0		0	0	0	
724681395272962048	2016-04-25 19:28:03	THANK YOU to our conservation community for your support at our 13th annual Hope for a Wild Future auction and... https://t.co/y6YkB12olE	1	0		0	0	0	
723951883061059584	2016-04-23 19:09:13	Thank you to everyone that came out to Mount Baker-Snoqualmie National Forest today to celebrate and... https://t.co/gfgaicgl2i	0	0		0	0	0	
723902777949216768	2016-04-23 15:54:06	RT @outsidemagazine: The argument for restoring grizzly bears to Washington: https://t.co/Kvj6BaCKuH https://t.co/2a8a0fH4SG	0	26		0	0	0	
723645573367107584	2016-04-22 22:52:04	RT @EarthFixMedia: Old-growth forests provide temp refuges in the face of #climatechange. https://t.co/dvAepzErKj  @oregonstatenews https:/‚Ä¶	0	13	climatechange,	1	0	0	
723621965420855297	2016-04-22 21:18:15	RT @yesmagazine: An #EarthDay comic: How salmon feed the forests https://t.co/LHL1pFNsSE @ConservationNW https://t.co/frNHZXxJv2	0	18	EarthDay,	1	0	0	
723601506843299840	2016-04-22 19:56:57	RT @RepDelBene: On #EarthDay, I joined @SierraClubWASt, @ConservationNW, @WDFW, @UW, @VulcanInc in highlighting the importance of protectin‚Ä¶	0	3	EarthDay,	1	0	0	
723601334167949312	2016-04-22 19:56:16	Happy Earth Day! Please join us tomorrow, April 23 from 11:00 am to noon at Asahel Curtis trailhead near... https://t.co/JSatOOMmrH	0	0		0	0	0	
723588295867801600	2016-04-22 19:04:28	Sad news from northeast Washington, where the Washington Department of Fish &amp; Wildlife is investigating a... https://t.co/VTO35RehhI	0	3		0	630	3	
723264149304696832	2016-04-21 21:36:25	The Argument for Restoring Grizzly Bears to Washington https://t.co/Pg1QYOf85G via @outsidemagazine #SavetheCascadesGrizzly @CascadesGrizzly	2	5	SavetheCascadesGrizzly,	1	6943	5	
723240994515210240	2016-04-21 20:04:24	Watch "Protect Your Public Lands" on @Vimeo https://t.co/o9h9uLHQlR #ProtectPublicLands #KeepItPublic	2	0	ProtectPublicLands,KeepItPublic,	2	0	0	
723232187735109632	2016-04-21 19:29:25	It's auction day! Many thanks to all our supporters, donors, and sponsors who have helped make this evening... https://t.co/Hp6JMY38Ay	0	0		0	0	0	
723180223085182978	2016-04-21 16:02:55	RT @slewster: Great public lands video highlighting our heritage and birthright @ConservationNW @OurPublicLands  https://t.co/x0b2gLuQ5h	0	1		0	0	0	
722938327758811137	2016-04-21 00:01:43	@adventurevida Will you share our video to #ProtectPublicLands? https://t.co/Dicp0GQ2CU. Available for download at: https://t.co/avxqzQe8Xe	0	0	ProtectPublicLands,	1	0	0	
722893400706387970	2016-04-20 21:03:12	Public lands provide vital habitat for #wolves and countless other fish and wildlife species. Please join us to... https://t.co/v0OkTSrwcT	1	0	wolves,	1	0	0	
722884701837332480	2016-04-20 20:28:38	WATCH: The wild places we love are under attack but together we can #ProtectPublicLands https://t.co/Dicp0GQ2CU  #KeepItPublic	2	2	ProtectPublicLands,KeepItPublic,	2	2247	2	
722881060808183809	2016-04-20 20:14:10	America‚Äôs public lands not only give us cherished outdoor recreation opportunities and protect our fish, wildlife... https://t.co/ArDikoiTrC	0	0		0	0	0	
722877721706147840	2016-04-20 20:00:53	The #publiclands you love are at risk. Watch, learn, take action: https://t.co/HjrBj2tIHa  #protectpubliclands https://t.co/Tgr2WgMoFb	2	1	publiclands,protectpubliclands,	2	99	1	
722802298670350336	2016-04-20 15:01:11	Interior Secretary: Natural Areas in West Disappearing at Alarming Rate https://t.co/oXD5Jnpeq7 @pns_news #ProtectPublicLands #ParksForAll	0	1	ProtectPublicLands,ParksForAll,	2	168	1	
722577867507310592	2016-04-20 00:09:23	Unfortunate news from southeast Washington today where a calf was confirmed killed be a wolf or wolves within the... https://t.co/WldaCk82bx	0	0		0	0	0	
722562701331795969	2016-04-19 23:09:07	Thoughts on @SecretaryJewell's speech The Next 100 Years of American Conservation: https://t.co/jMsiRMSgEF #ProtectPublicLands #ParksForAll	0	1	ProtectPublicLands,ParksForAll,	2	515	1	
722528558086631424	2016-04-19 20:53:26	Today, U.S. Department of the Interior Secretary Sally Jewell laid out an important vision for the next 100 years... https://t.co/GSMFgJm3qs	2	0		0	0	0	
722520647486742528	2016-04-19 20:22:00	RT @slewster: America‚Äôs Lands for America‚Äôs People : The National Wildlife Federation Blog https://t.co/cWwibCrGDc @OurPublicLands @Conserv‚Ä¶	0	1		0	0	0	
722508542670823424	2016-04-19 19:33:54	Malheur takeover part of larger 'extreme movement' threat, Interior chief says https://t.co/a0vSKRBfPY #ProtectPublicLands #KeepItPublic	0	0	ProtectPublicLands,KeepItPublic,	2	0	0	
722496261203439616	2016-04-19 18:45:06	RT @SecretaryJewell: This country‚Äôs national parks, forests, refuges &amp; public lands are some of most valuable assets that we collectively o‚Ä¶	0	69	parksforall,	1	0	0	
722495418647490560	2016-04-19 18:41:45	RT @SecretaryJewell: BIG NEWS: We'll work w/ @CommerceGov to study impacts of outdoor recreation on nation's economy https://t.co/bILBq6kWz‚Ä¶	0	87	parksforall,	1	0	0	
722495164053196800	2016-04-19 18:40:45	RT @SecretaryJewell: In 2015 our national parks generated $32B in economic activity for the nation‚Äîall on a budget of $3B. #parksforall htt‚Ä¶	0	219	parksforall,	1	0	0	
722494405035163648	2016-04-19 18:37:44	RT @SecretaryJewell: Our nation needs to make serious investments in our public lands to ensure they're prepared for the next 100 years. #p‚Ä¶	0	40	parksforall,	1	0	0	
722490776727388160	2016-04-19 18:23:19	Tomorrow, we'll be debuting a short film about the importance of America's #publiclands. And the threats they... https://t.co/DIJyHZASJd	2	4	publiclands,	1	3318	4	
722488510658117633	2016-04-19 18:14:18	RT @NatlParkService: Director Jarvis will soon welcome @SecretaryJewell who'll talk the next 100 years of #conservation https://t.co/Nsa8NM‚Ä¶	0	9	conservation,FindYourPark,	2	0	0	
722488437530431488	2016-04-19 18:14:01	RT @SecretaryJewell: Tomorrow I'll share my vision for the next 100 years of #conservation &amp; #parksforall.SJ https://t.co/GntYp5k85A#newline#https:‚Ä¶	0	116	conservation,parksforall,	2	0	0	
722152223472365569	2016-04-18 19:58:01	A nice reaction to our Op-Ed in The Seattle Times on poaching and Washington's wolves published last week.... https://t.co/dGIj9GSOtP	0	0		0	0	0	
721820540483153920	2016-04-17 22:00:02	Public lands are vital for people, wildlife and a wild Northwest. We can't let armed extremists, deep-pocketed... https://t.co/kz0KHfkGdm	3	2		0	141	2	
721040336630382592	2016-04-15 18:19:47	RT @EarthFixMedia: Furry Forest Creature Won't Get Federal Protections After All#newline#https://t.co/tIZd86eqPq @KUOW @KCTS9 @OPB https://t.co/6Yv‚Ä¶	0	3		0	0	0	
721032238435971072	2016-04-15 17:47:36	It's possible for ranches &amp; local communities to thrive through collaboration and #conservation: https://t.co/rIo59VSR93 #ProtectPublicLands	2	3	conservation,ProtectPublicLands,	2	1159	3	
721015885117280256	2016-04-15 16:42:37	RT @ilovepublicland: Our American outdoor heritage at risk: by Protect Your #PublicLands: https://t.co/hUmajYWIFR #protectpubliclands https‚Ä¶	0	1	PublicLands,protectpubliclands,	2	0	0	
721011748493332480	2016-04-15 16:26:11	Public lands like Malheur National Wildlife Refuge provide vital habitat for birds and animals and cherished... https://t.co/cFjj4MaT80	1	0		0	0	0	
720839397650751488	2016-04-15 05:01:19	RT @ilovepublicland: Join the Thunder to #ProtectPublicLands on @ThunderclapIt // @ilovepublicland https://t.co/572mBFSPTz #yourlands https‚Ä¶	0	27	ProtectPublicLands,yourlands,	2	0	0	
720839363769159680	2016-04-15 05:01:11	RT @ilovepublicland: Host or attend an #EarthDay event near you to celebrate #publiclands: https://t.co/tsCoDy4R9q #protectpubliclands http‚Ä¶	0	1	EarthDay,publiclands,protectpubliclands,	3	0	0	
720737016413966336	2016-04-14 22:14:30	RT @wildwildnw: ‚ÄúOur American outdoor heritage at risk‚Äù https://t.co/zUjGnkTcTW @ilovepublicland #ProtectPublicLands #KeepItPublic https://‚Ä¶	0	2	ProtectPublicLands,KeepItPublic,	2	0	0	
720727682011377666	2016-04-14 21:37:24	An important issue for wolves, other wildlife, wildlands and people across our region! #ProtectPublicLands https://t.co/eFaESV9G0C	2	1	ProtectPublicLands,	1	403	1	
720674681385136128	2016-04-14 18:06:48	Washington vs. Wolverines | Field &amp; Stream https://t.co/KDiWYkKXIQ via @fieldandstream	2	3		0	27255	3	
720665020917374978	2016-04-14 17:28:24	North Cascades wolverines could play role in ESA decision https://t.co/vnvh4AgJZE	0	0		0	0	0	
720654731706654720	2016-04-14 16:47:31	America‚Äôs public lands are under threat. Conservation, environmental, wildlife and outdoor advocacy organizations... https://t.co/cdSWeyEhgy	1	2		0	918	2	
720415089652666368	2016-04-14 00:55:16	Stand up and protect your public lands! Please sign this petition  and share it with your family, friends and... https://t.co/wY9AMolrBa	0	1		0	50	1	
720407920895078400	2016-04-14 00:26:47	Wolf poaching: Hunters should realize that wolves help ecosystems https://t.co/yW6zl2t4cf via @seattletimes	2	0		0	0	0	
720395226192285696	2016-04-13 23:36:20	https://t.co/GTQerjT2ch	0	0		0	0	0	
720331180847988736	2016-04-13 19:21:51	RT @ilovepublicland: Join the Thunder to #ProtectPublicLands on @ThunderclapIt // @ilovepublicland https://t.co/572mBFSPTz #yourlands https‚Ä¶	0	11	ProtectPublicLands,yourlands,	2	0	0	
720287647759867904	2016-04-13 16:28:52	Please join us for a rally on 4/23 &amp; share your support for public lands using #ProtectPublicLands #YourLands https://t.co/BWXhraeIgt	0	2	ProtectPublicLands,YourLands,	2	3542	2	
720285151318532096	2016-04-13 16:18:56	America‚Äôs #publiclands are under attack. Will you join us in to #protectpubliclands? https://t.co/sqa8T2Vl9s #KeepItPublic #EarthWeek	1	0	publiclands,protectpubliclands,KeepItPublic,EarthWeek,	4	0	0	
720284837895020545	2016-04-13 16:17:42	The #publiclands you love are at risk. Watch, learn, take action: https://t.co/HjrBj2c7iA  #protectpubliclands https://t.co/Tgr2WguNgB	1	1	publiclands,protectpubliclands,	2	3809	1	
720033873812258817	2016-04-12 23:40:27	On The Brink: Working To Save Endangered Caribou https://t.co/hgPp6eG2gb via @thegearjunkie	5	3		0	1470	2	
720001633954828289	2016-04-12 21:32:21	RT @adventurevida: 'Immense Political Pressure' Caused Wolverine Delisting https://t.co/VPjWWJxw56 https://t.co/WLZ4McXkIQ	0	3		0	0	0	
719967146596413440	2016-04-12 19:15:18	Our state's elected leaders, justice system should implement stiffer penalties to safeguard the rtrn of WA's #wolves https://t.co/5P3Y0AYeOB	0	0	wolves,	1	0	0	
719949877375963136	2016-04-12 18:06:41	Methow Rallies to Preserve Valley's Character, Water &amp; Economy https://t.co/EhQGMVvDSG via @WTA_hikers #MethowHeadwaters #NoMazamaMine	2	0	MethowHeadwaters,NoMazamaMine,	2	0	0	
719938309414227968	2016-04-12 17:20:43	RT @SeaTimesOpinion: Op-Ed: Despite legal protection, wolf poaching still occurs. Stiffer penalties are needed. https://t.co/E0RbEehehS htt‚Ä¶	0	7		0	0	0	
719937673339637760	2016-04-12 17:18:11	Stiffer penalties needed to reduce wolf poaching in Washington https://t.co/hElcsbrl4U via @seattletimes @ConservationNW #WAwolves	0	0	WAwolves,	1	0	0	
719904641601839105	2016-04-12 15:06:56	Wolves are protected by both state and federal endangered-species laws in Washington. Yet wolf poaching has... https://t.co/pHMzMMuhcS	1	1		0	99	1	
719646682044960769	2016-04-11 22:01:54	As hibernation season ends, be sure you're taking precautions to avoid possible conflicts with hungry bears. https://t.co/0DW4utvL73	1	0		0	0	0	
719637361269735424	2016-04-11 21:24:51	RT @MTWildlife: It's time for everyone in Montana to pay for Wildlife management https://t.co/odP2t1M1w3 https://t.co/nxQNQ5WI8p	0	2		0	0	0	
719637322606649344	2016-04-11 21:24:42	Thought-provoking piece from @MTWildlife: https://t.co/1KnrAEIOkd Is it time to expand America's "user-pays" model of #conservation funding?	0	0	conservation,	1	0	0	
719624735043112960	2016-04-11 20:34:41	RT @adventurevida: These Are the Representatives Who Want to Sell Your Land https://t.co/urxIK9hSdV https://t.co/RhBAw3ekQw	0	12		0	0	0	
719557837328748545	2016-04-11 16:08:51	"Our parks and public lands connect us with who we are.‚Äù https://t.co/F0kNtKHc4h via @seattletimes @outdoorafro #PublicLands #Conservation	6	3	PublicLands,Conservation,	2	9819	3	
719546579439333376	2016-04-11 15:24:07	RT @OIA: We üíõ @semi_rad, especially when he's riled up about #ProtectPublicLands. Check out his post: https://t.co/zi8k8DJIUP https://t.co/‚Ä¶	0	4	ProtectPublicLands,	1	0	0	
718569708534956032	2016-04-08 22:42:23	https://t.co/AKo63PyHUG	0	2		0	5564	2	
718538432176218112	2016-04-08 20:38:06	Great news for the wildlife and wildlands of the North Cascades! Along with dozens of other conservation,... https://t.co/Uk2e36evHc	1	0		0	0	0	
718510883341602820	2016-04-08 18:48:38	RT @goskagit: Millions still needed to protect popular Blanchard recreation areas from logging https://t.co/L3qQfLKvUy #Skagit https://t.co‚Ä¶	0	6	Skagit,	1	0	0	
718501499345612800	2016-04-08 18:11:21	Millions still needed to protect Blanchard recreation areas https://t.co/vgIvUcf0Cl via @goskagit	0	0		0	0	0	
718486888294645760	2016-04-08 17:13:17	We‚Äôre hiring for our Citizen Wildlife Monitoring Project internship! This 6-month position runs from mid-June to... https://t.co/H7w8UeMMNN	1	2		0	453	2	
718243062259052548	2016-04-08 01:04:25	RT @highcountrynews: Climate change could push some species to the brink. Now, a court says the feds have to take that into account: https:‚Ä¶	0	6		0	0	0	
718233156684496897	2016-04-08 00:25:03	Check out Mountain Caribou Initiative: Photo, film &amp; Education Project by David Moskowitz on @Kickstarter https://t.co/OxiYtMVwRl	0	3		0	12077	3	
718150459207213056	2016-04-07 18:56:26	An outlandish and frighteningly possible take on what might happen if public lands are "transferred" https://t.co/abNQf38Z3c via @semi_rad	0	0		0	0	0	
718150282895446016	2016-04-07 18:55:44	RT @semi_rad: A Delicate Arch Roller Coaster And Other Fun Federal Land Transfer Ideas:‚Ä¶ https://t.co/h1D5vIyI8u https://t.co/J7yXYqpYXq	0	13		0	0	0	
718149831575740416	2016-04-07 18:53:57	An outlandish and frighteningly possible take on what might happen if America's public lands are "transferred" to... https://t.co/TrKUS0RQIO	0	0		0	0	0	
718119348762648576	2016-04-07 16:52:49	Obama‚Äôs National Monuments Have Been An Economic Boon For Local Economies https://t.co/AI3R4zOw8M via @climateprogress	0	1		0	4487	1	
718119124208103424	2016-04-07 16:51:55	Fringe politicians, special interest groups like the American Lands Council, and extremists like the Bundy Family... https://t.co/H9rUs3SJ1E	1	0		0	0	0	
717431922780147714	2016-04-05 19:21:14	Without a natural fire cycle, dry forests and grasslands like those in Eastern Washington become dense to the... https://t.co/EmMpw9NXPU	0	1		0	3027	1	
717128434032517120	2016-04-04 23:15:16	Wolverines are iconic, snow-dependent creatures threatened by climate change, shrinking snowpacks and fragmented... https://t.co/VuhUGcWCBO	1	2		0	3034	2	
717127033302568962	2016-04-04 23:09:42	RT @Earthjustice: VICTORY: Court overturns government refusal to protect #wolverine&gt; https://t.co/efLP5O0rUK https://t.co/3uJfeSQ1Eo	0	60	wolverine,	1	0	0	
717071531986124800	2016-04-04 19:29:10	Foolish not to invest more in fire-season equipment, preparation https://t.co/tSpw2zJjjE via @seattletimes #WAwildfires	1	2	WAwildfires,	1	1232	2	
717070850663559169	2016-04-04 19:26:27	The Seattle Times Editorial Board calls out state legislators for once again under-funding wildfire prevention... https://t.co/88TZ1WykwI	1	0		0	0	0	
717029546990546944	2016-04-04 16:42:20	RT @seattletimes: Gov. Inslee signed a law to boost controlled burns in an affort to see whether they reduce the risk of wildfires https://‚Ä¶	0	4		0	0	0	
717027106635395072	2016-04-04 16:32:38	RT @SRoutside: Commission should review role before vote on baiting https://t.co/yK3Mlx0PmL	0	2		0	0	0	
716033222983856128	2016-04-01 22:43:18	https://t.co/bkNs2GpIh1	0	0		0	0	0	
715950179459801088	2016-04-01 17:13:19	Our understanding of wolf behavior is still evolving, but one thing is clear: the social, territorial and hunting... https://t.co/XRM3UBzugl	0	0		0	0	0	
715948744298987520	2016-04-01 17:07:36	Bat-killing disease makes its way to Washington https://t.co/SnAvrnvsrR via @Yakima_Herald	0	0		0	0	0	
715947958429171713	2016-04-01 17:04:29	We‚Äôre giving you an extra chance to save on your tickets for our Hope for a Wild Future auction and dinner by... https://t.co/3BhywVX8FJ	0	0		0	0	0	
715947290704252928	2016-04-01 17:01:50	RT @KDrewKOMO: Dave McClure lost cattle, fencing, timber, &amp; rangeland in the WA wildfires. #komonews at 11. @WACattlemen https://t.co/Dy9P9‚Ä¶	0	1	komonews,	1	0	0	
715946731259633664	2016-04-01 16:59:37	RT @KDrewKOMO: .@forestservice Supervisor Mike Williams: "The solution over the long term is #forest restoration." #komonews https://t.co/g‚Ä¶	0	1	forest,komonews,	2	0	0	
715926865706229760	2016-04-01 15:40:40	RT @ben_a_goldfarb: FBI, BLM stand down as occupation of Bundy Ranch by heavily armed #TortoiseMilitia drags on: https://t.co/DwpMLGbIjN ht‚Ä¶	0	48	TortoiseMilitia,	1	0	0	
715644616289062912	2016-03-31 20:59:07	RT @Jim_Brunner: Also, WOLVERINES in Washington state. And it rains all the time, so everyone should avoid moving here, OK? https://t.co/ak‚Ä¶	0	8		0	0	0	
715642391458242561	2016-03-31 20:50:16	.@ConservationNW Wildlife monitoring volunteers photograph wolverine near @StevensPass https://t.co/acvn6QxQ9K https://t.co/aBcleKUaPP	3	8		0	8139	8	
715613858094657536	2016-03-31 18:56:53	This month, two of our dedicated (and very patient) Citizen Wildlife Monitoring Project volunteers picked up... https://t.co/zY3njdEErU	0	0		0	0	0	
715576325738631168	2016-03-31 16:27:45	RT @phardinjackson: #FDR, juggling conservation and the economy. It can be done. https://t.co/4dhJGXELeo	0	1	FDR,	1	0	0	
715575517592694784	2016-03-31 16:24:32	President Franklin D. Roosevelt had an outsized impact on the wildlands and waters of Washington, protecting... https://t.co/Zb3Tok2xEN	1	2		0	1047	2	
715297118479495168	2016-03-30 21:58:17	.@SenatorReid agrees, Congress has ‚Äúa responsibility to stand up to extremist groups‚Äù and protect our #publiclands! https://t.co/XVcdkcfoZw	2	0	publiclands,	1	0	0	
715292864507289600	2016-03-30 21:41:23	"You know that time between the final concession to the snooze button and when the first jolt of caffeine courses... https://t.co/qPFs2BJw3i	0	0		0	0	0	
715288285061337090	2016-03-30 21:23:11	RT @highcountrynews: .@tedcruz suggested handing #publiclands over to states a la TX. That state's a cautionary tale not a model #Opinion h‚Ä¶	0	19	publiclands,Opinion,	2	0	0	
715276484202463232	2016-03-30 20:36:17	Since 2006, we've published the Conservation Connection, a monthly E-newsletter about our work for wildlands and... https://t.co/0sSJbyKUsr	0	0		0	0	0	
715258575266840576	2016-03-30 19:25:07	An update on the state budget and the 2016 legislative session from the Environmental Priorities Coalition, a... https://t.co/3uDOBg6eiT	1	1		0	2205	1	
715248746649374720	2016-03-30 18:46:04	RT @OutdoorAlliance: 4 things you need to know about the public land heist #ProtectPublicLands https://t.co/CtdJoWM3n6 https://t.co/mpCLIVM‚Ä¶	0	45	ProtectPublicLands,	1	0	0	
715218349748129792	2016-03-30 16:45:17	Despite end of Oregon standoff, public land critics continue to push @HuffPostBlog https://t.co/OyK4SMeYvW via @HuffPostGreen	0	0		0	0	0	
714894096578424834	2016-03-29 19:16:49	@MarkDeLaurier Thank you, Mark!	1	0		0	0	0	
714821981380562948	2016-03-29 14:30:15	Fourth year of Range Rider project supporting coexistence between people, livestock and #WAwolves was a success https://t.co/t9o38CR6hG	2	2	WAwolves,	1	2218	2	
714620386088890368	2016-03-29 01:09:11	The goal of our Range Rider Pilot Project is to demonstrate the effectiveness of non-lethal measures in deterring... https://t.co/IaBR99son9	1	1		0	403	1	
714169557603094528	2016-03-27 19:17:45	Along with our ranching partners, we understand that range riding and other nonlethal deterrence methods are not... https://t.co/DPDSj4xejS	2	1		0	403	1	
714123046974414849	2016-03-27 16:12:56	@HumanPackAnimal @KUOW the N. Cascades grizz recovery area is more than twice the size of Yellowstone with a fraction of the human visitors	0	0		0	0	0	
714122564423983104	2016-03-27 16:11:01	RT @KING5Seattle: Rancher prepares cattle for wolf country -- https://t.co/vrelGFY9Lf via @AlisonMorrowK5  &amp; @KING5Unit14	0	5		0	0	0	
713507677217787905	2016-03-25 23:27:41	RT @KUOW: Scientists estimate that there are very few grizzly bears left in the North Cascades ‚Äì maybe a couple dozen https://t.co/SBgTNDur‚Ä¶	0	6		0	0	0	
713439163073241088	2016-03-25 18:55:26	Mitch Friedman | Seek tools for resilient forests https://t.co/KuBu35NtJG	0	0		0	0	0	
713427857217683456	2016-03-25 18:10:30	RT @NWSportsman: And why shouldn't Washingtonians be able to dine on roadkill? Fish-Wildlife Commission could OK collecting deer, elk https‚Ä¶	0	2		0	0	0	
713411514191851520	2016-03-25 17:05:34	Meet the Trail Community: Wildlife Biologist David Moskowitz https://t.co/BEOb7C44IP via @WTA_hikers	2	2		0	15537	2	
713389747058552832	2016-03-25 15:39:04	Wolverines are on the rebound in Washington! Wildlife experts hope construction of the new wildlife crossings... https://t.co/1Q9bF6oL6C	2	3		0	513	2	
713105635034800130	2016-03-24 20:50:06	We support restoring a healthy population of grizzly bears to the North Cascades, their home for thousands of... https://t.co/X8IX6Zjt8X	2	6		0	10015	6	
713053867496185857	2016-03-24 17:24:24	Senator Maria Cantwell shares our concerns about a proposal from a Canadian mining company to conduct... https://t.co/IhDx5fvgdg	0	2		0	12314	2	
712759538064044032	2016-03-23 21:54:50	RT @Wilderness: Debunked: 4 myths about #publiclands &amp; the radical movement to take them over https://t.co/2aCbm1CPJ2 #KeepItPublic https:/‚Ä¶	0	30	publiclands,KeepItPublic,	2	0	0	
712674247206809605	2016-03-23 16:15:56	RT @outsidemagazine: There's been a fracture between two should-be allies: recreationists and conservationists: https://t.co/I4297kKmaL htt‚Ä¶	0	16		0	0	0	
712670394545676289	2016-03-23 16:00:37	An important and thought-provoking article, especially when we consider today's threats to our public lands,... https://t.co/czG3crexak	1	0		0	0	0	
712510877371645952	2016-03-23 05:26:45	RT @chrisasolomon: We need a new Golden Rule for the Great Outdoors. Here it is: https://t.co/u8sczeSHlI    @outsidemagazine	0	6		0	0	0	
712417225488007169	2016-03-22 23:14:37	We wanted to share this Letter to the Editor published in the March 16 edition of the Colville Statesmen... https://t.co/fxXTCT49nN	2	0		0	0	0	
712401097214660608	2016-03-22 22:10:32	Looking for more information about wolves, wolf recovery and coexistence in the Northwest? Kids 4 Wolves is a... https://t.co/O3SyegMRbA	0	0		0	0	0	
712374565800779776	2016-03-22 20:25:06	RT @EnergyDems: .@OPBnews reports: @SenatorCantwell Opposes #Mining Near Mount St Helens via @conradjwilson https://t.co/eBfGJFk3Wb https:/‚Ä¶	0	2	Mining,	1	0	0	
712372445089366016	2016-03-22 20:16:40	Community prpardnss and using more prescribed fire, selective forest thinning are keys to managing for #WAwildfires https://t.co/ba4I8fu9UF	0	0	WAwildfires,	1	0	0	
712371497843593218	2016-03-22 20:12:54	The question to ask is not ‚Äúhow do we get rid of #wildfires?‚Äù Instead, it‚Äôs ‚Äúhow do we want our fire?‚Äù https://t.co/ba4I8fu9UF #WAWildfires	2	3	wildfires,WAWildfires,	2	1635	2	
712358981251936256	2016-03-22 19:23:10	Fire is a natural process that has been occurring on Northwest landscapes for thousands of years. As climate... https://t.co/94h1JAUoyr	0	0		0	0	0	
712357249356726273	2016-03-22 19:16:17	Fire is a natural process that has been occurring on Northwest landscapes for thousands of years. As climate... https://t.co/GxG90ES7UO	0	0		0	0	0	
712346671682748416	2016-03-22 18:34:15	@SenatorCantwell urges Forest Service to say no to Mount St. Helens drilling https://t.co/Uy5Fln8lNA @GPTaskForce	0	2		0	12927	2	
712306495891746816	2016-03-22 15:54:37	RT @RecreationNW: Join @ConservationNW and us in saving Blanchard State Forest. Preserve this view! https://t.co/IAJb5qd1l1 https://t.co/Fr‚Ä¶	0	3		0	0	0	
712001987219329024	2016-03-21 19:44:36	In Europe, people coexist with brown bears less than two hours from Rome. If it's possible in Italy and other... https://t.co/6dexeAzscZ	2	3		0	403	1	
711985775420682241	2016-03-21 18:40:11	Collaboration key to innovative NE Washington forest restoration project https://t.co/ZGaxq2k6Oi via @Conserve_WA @SpokesmanReview	2	0		0	0	0	
711982653457584128	2016-03-21 18:27:47	Popular hiking trails around Oyster Dome and Blanchard State Forest recently got some much needed maintenance... https://t.co/Dl8XsGci1h	0	1		0	515	1	
711978104739090432	2016-03-21 18:09:42	RT @ExploreNW: Bears are waking up for the spring. How to be bear smart. https://t.co/ujRlNZlOvm https://t.co/F7zeGSGuUx	0	5		0	0	0	
711978075597058048	2016-03-21 18:09:35	Logging possible in area of forest around Oyster Dome #newline#https://t.co/yi92kz3CNZ via @everettherald @ExploreNW #SaveBlanchardForest	0	1	SaveBlanchardForest,	1	169	1	
711965169828515841	2016-03-21 17:18:18	RT @RecreationNW: Join @ConservationNW and us in saving Blanchard State Forest. Preserve this view! https://t.co/IAJb5qd1l1 https://t.co/rx‚Ä¶	0	1		0	0	0	
710896704061513730	2016-03-18 18:32:36	https://t.co/uzem72hBhO	0	0		0	0	0	
710579448639131649	2016-03-17 21:31:57	We've posted before about a 900 acre mine proposed on public lands near Mount St. Helens, but the comment period... https://t.co/B7aEpdGISK	3	3		0	2643	3	
710508910315069440	2016-03-17 16:51:39	Republican Politicians Planned And Participated In Key Aspects Of Refuge Occupation #KeepItPublic https://t.co/OZUCvqSZm5	1	0	KeepItPublic,	1	0	0	
710264845652725760	2016-03-17 00:41:49	Lessons from Mountain Caribou Country: A 21st Century Conservation Opportunity https://t.co/MSEx9GUWL3 #MountainCaribouInitiative #caribou	1	0	MountainCaribouInitiative,caribou,	2	0	0	
710228154967719936	2016-03-16 22:16:02	https://t.co/eTwgJfWjF0	0	1		0	954	1	
710227162263990272	2016-03-16 22:12:05	https://t.co/UKKgflxBvT	0	1		0	954	1	
710223463768678400	2016-03-16 21:57:23	In addition to helping lead our Citizen Wildlife Monitoring Project and giving grizzly bear presentations, our... https://t.co/4UO5vGDd1f	0	0		0	0	0	
710189865569165313	2016-03-16 19:43:53	As wolf populations grow in Washington, under the state‚Äôs Wolf Conservation and Management Plan, wolves that... https://t.co/pJ0pWVuU9u	1	1		0	636	1	
710150114346532864	2016-03-16 17:05:55	RT @SRoutside: Close encounter: another reason to hike with bear spray https://t.co/aESUVvryqi	0	3		0	0	0	
710149923891601408	2016-03-16 17:05:10	A neat event planned for this Sunday at 7:30 pm at Gonzaga University in Spokane! More in this article from Out... https://t.co/P75VkPDCnR	0	0		0	0	0	
709823074049261568	2016-03-15 19:26:23	More on Washington's 2015 wolf counts from The Seattle Times. However, while wolves may be "thriving" in the... https://t.co/QmfUGNfYYA	1	0		0	0	0	
709792269222547456	2016-03-15 17:23:58	Living with Grizzly Bears program featured at GU https://t.co/uJhpt8Q4MG	0	0		0	0	0	
709778594256388096	2016-03-15 16:29:38	Join us in Spokane on March 20 for an evening of ‚ÄúLiving with Grizzly Bears‚Äù with David Moskowitz Wildlife... https://t.co/k0G0cNpu46	2	0		0	0	0	
709777776023199744	2016-03-15 16:26:23	Join us in Spokane on March 20 for an evening of ‚ÄúLiving with Grizzly Bears‚Äù with David Moskowitz Wildlife... https://t.co/BfASQIOHGB	0	1		0	3027	1	
709596572330295296	2016-03-15 04:26:21	Check out Mountain Caribou Initiative: Photo, film &amp; Education Project by David Moskowitz on @Kickstarter https://t.co/OxiYtNd7IT	2	4		0	12445	4	
709561458913202176	2016-03-15 02:06:49	@SeaDevRecruiter ha! Never run. Always calmly stand your ground. Most bear "attacks" are bluff charges, and even those are incredibly rare.	1	0		0	0	0	
709535104176009216	2016-03-15 00:22:06	Wolves are an important native predator and a vital piece of the Northwest‚Äôs wildlife heritage. We‚Äôre pleased by... https://t.co/ZL684qXejy	0	0		0	0	0	
709528420506415104	2016-03-14 23:55:32	"What's the first thing that pops into your head when I say 'grizzly bear?'" #newline##newline#Ecologist and PBS television host... https://t.co/gPxMnGOm1Y	1	0		0	0	0	
709515816165707780	2016-03-14 23:05:27	RT @WDFW: Washington state‚Äôs wolf population continued to grow last year and added at  least four new packs https://t.co/QhXNupXVqQ @WDFW #‚Ä¶	0	9	WAWolves,	1	0	0	
709515558098640896	2016-03-14 23:04:25	Wolves are an important native predator and a vital piece of the Northwest‚Äôs wildlife heritage. We‚Äôre pleased by... https://t.co/PBqeADODsq	0	1		0	830	1	
709446242602856448	2016-03-14 18:28:59	RT @NWSportsman: The Capitol Press asks if the state of Washington needs more land. The answer to that question is simple: Yes. https://t.c‚Ä¶	0	2		0	0	0	
709418678358376452	2016-03-14 16:39:27	We're hiring! We're seeking an experienced IT Administrator working out of our Bellingham or Seattle office to... https://t.co/ooJWus08eW	0	2		0	2147	1	
708051303922933760	2016-03-10 22:06:00	Ranchers in north-central Washington recently photographed this gray wolf in the Okanogan Highlands. Wolves are... https://t.co/dUoGD0jfoR	1	1		0	15	1	
707994351247294464	2016-03-10 18:19:41	Backcountry skiers and snowshoers in the North Cascades: keep an eye out, we've seen a few reports of winter... https://t.co/OkX3uh2SCq	0	0		0	0	0	
707673620697362432	2016-03-09 21:05:13	RT @westernlaw: WELC @cascwild @wildearthguard @OregonWild &amp; @ConservationNW are fighting for lynx habitat! https://t.co/tMIlf4qDMG https:/‚Ä¶	0	6		0	0	0	
707646087075508224	2016-03-09 19:15:49	Impressive video from Yellowstone showing the resiliency of wolves! Read more in this article from The... https://t.co/9L0rQzOCNf	2	0		0	0	0	
707598831492304896	2016-03-09 16:08:02	Amazing report of a traveling wolverine from Montana! In the coming year, our Citizen Wildlife Monitoring Project... https://t.co/M7EmmBkBbn	0	1		0	286	1	
707374644504895488	2016-03-09 01:17:12	On this #InternationalWomensDay, we reflect on the wisdom of the great American conservationist Rachel Carson,... https://t.co/HyKh0CjelI	0	0	InternationalWomensDay,	1	0	0	
706899402154123264	2016-03-07 17:48:45	Neat story in The Spokesman-Review about wolf and wildlife tracker Ray Robertson! Ray volunteered with... https://t.co/tIZfoJ7Qcb	0	0		0	0	0	
706897218238681088	2016-03-07 17:40:05	"There is a legitimate frustration that needs to be addressed in a serious way. But the answer isn't selling off... https://t.co/cxdRWkal3k	2	1		0	515	1	
705857715424403456	2016-03-04 20:49:28	I posted 22 photos on Facebook in the album "2015 Citizen Wildlife Monitoring Project photos" https://t.co/PJoXydGBxG	0	0		0	0	0	
705476044778639360	2016-03-03 19:32:50	RT @WildlifeDay: The most inspiring "Let them live" video by @UNEP is now at Times Square, New York https://t.co/dihQHOV1na #WWD2016 https:‚Ä¶	0	50	WWD2016,	1	0	0	
705438731369447424	2016-03-03 17:04:34	For wolves, grizzly bears and all the Northwest's amazing wildlife, please join us as we work for a wild future... https://t.co/PGzdUatytW	1	1		0	110	1	
705438264413401088	2016-03-03 17:02:43	Will you join us protecting and restoring the wildlife of the #PNW on #WorldWildlifeDay? https://t.co/0aeRhnR1JB https://t.co/5cc7NYai29	4	1	PNW,WorldWildlifeDay,	2	0	0	
705436609290772480	2016-03-03 16:56:08	Happy #WorldWildlifeDay! We work hard to restore wildlife and protect and connect their habitat because what is... https://t.co/r4KIZXkdIM	1	2	WorldWildlifeDay,	1	5436	2	
705095761986359296	2016-03-02 18:21:44	Not wolves, but an incredible film worth viewing! https://t.co/dDelKZzAOr	0	0		0	0	0	
705085669282983936	2016-03-02 17:41:38	Healthy, resilient ecosystems need both predators and prey. Experience a rare glimpse into the family and social... https://t.co/Xhm3YDuZch	3	2		0	2620	2	
704804213058973696	2016-03-01 23:03:13	https://t.co/WFzUedLZe7	0	0		0	0	0	
704761578487308288	2016-03-01 20:13:48	RT @NPLCC: Help @ConservationNW's Cascadia Partner Forum identify spatial priorities in #Cascadia: https://t.co/vVDzyG4pKk	0	1	Cascadia,	1	0	0	
704733053755592704	2016-03-01 18:20:27	An update on one of the most imperiled wildlife populations in North America: the woodland caribou of northeast... https://t.co/gnmbgo8qoY	4	2		0	918	2	
704410037234446337	2016-02-29 20:56:54	A powerful perspective on the return of wolves to Colorado. https://t.co/wdUZzSRvZB	0	0		0	0	0	
704388119198445568	2016-02-29 19:29:49	February was a busy month for keeping the Northwest wild! We helped stop a risky development proposal next to an... https://t.co/hTMcpQllJf	0	0		0	0	0	
703423914949513216	2016-02-27 03:38:24	RT @KCTS9: Watch &amp; share: this awesome, short film on grizzly bears! https://t.co/dsEFuRer9D by @PBSNature host @MorganWildlife#newline#https://t.c‚Ä¶	0	58		0	0	0	
703387138880962560	2016-02-27 01:12:16	RT @AdamG1984: Let's pass this fantastic nonpartisan bill refining the #WWRP for the next 25 years! #waleg @WildlifeRec https://t.co/yw0qLm‚Ä¶	0	2	WWRP,waleg,	2	0	0	
703367736974376960	2016-02-26 23:55:11	Disclosure: Be bear aware. Don't share your kegs (or camp) with grizzlies. #TGIF https://t.co/XilB14i4cH	1	0	TGIF,	1	0	0	
703339316278218752	2016-02-26 22:02:15	House considers devastating public lands takeover bills  wilderness https://t.co/0FC0d3qrsn via @Wilderness #KeepItPublic	1	0	KeepItPublic,	1	0	0	
703327704477642752	2016-02-26 21:16:06	RT @outsidemagazine: 'Tools for Grassroots Activism' is @Patagonia's guide to saving the world: https://t.co/dLhziDVysn https://t.co/4G74Kk‚Ä¶	0	27		0	0	0	
703316783323701248	2016-02-26 20:32:42	RT @grizzbop: In the natural world, a little fear is a necessary thing!... https://t.co/BRPWGxZPNI	0	1		0	0	0	
703299160166895616	2016-02-26 19:22:41	We've been sharing our own wildlife monitoring videos the past few Fridays, but today we've got something very... https://t.co/OdhitGKLpa	0	1		0	3182	1	
702997718872895488	2016-02-25 23:24:51	RT @ProjectBlueBear: 10% of #BlueBear's profits go toward protecting these beautiful creatures. Support them at https://t.co/psTTAksyk9 htt‚Ä¶	0	1	BlueBear,	1	0	0	
702945414366932992	2016-02-25 19:57:01	https://t.co/SvFiKi7FUz	0	0		0	0	0	
702944726626873344	2016-02-25 19:54:17	You may know that despite an abundance of high quality habitat, the North Cascades Grizzly Bear is on the brink... https://t.co/Zss7G547j8	1	1		0	0	0	
702912028160057344	2016-02-25 17:44:21	https://t.co/2UgynvCM6w	0	0		0	0	0	
702699561878294529	2016-02-25 03:40:05	Bills up for consideration in a U.S. House subcommittee tomorrow threaten to transfer control of America's... https://t.co/AmKnSBy5Ji	2	2		0	498	2	
702653832044544000	2016-02-25 00:38:22	Looking past Malheur: America‚Äôs real public lands legacy https://t.co/GPP6rRCmOW via @thehill #KeepItPublic #PublicLandsForAll	1	0	KeepItPublic,PublicLandsForAll,	2	0	0	
702645970819878912	2016-02-25 00:07:08	Our 13th annual Hope for a Wild Future auction and dinner is on April 21, 2016, and we need your help to make it... https://t.co/1neDhVXCaz	1	0		0	0	0	
702634436257411072	2016-02-24 23:21:18	Public Land Grabs Move from States to Congress: https://t.co/DVzrZPMVn4. @RepNewhouse protect America's public lands! #KeepItPublic	0	0	KeepItPublic,	1	0	0	
702287347535097856	2016-02-24 00:22:06	Let's save southwestern British Columbia's grizzly bears https://t.co/XdE8z7aKkP via @YouTube	2	3		0	4440	3	
702197676083773440	2016-02-23 18:25:46	Check out this great new film from our friends Chris Morgan Wildlife, National Parks Conservation Association,... https://t.co/dHUwPOtZEr	3	1		0	0	0	
702197262437347328	2016-02-23 18:24:08	Check out this great new film from our friends Chris Morgan, National Parks Conservation Association, Woodland... https://t.co/JzI7Lx5bC4	0	0		0	0	0	
702169140274995200	2016-02-23 16:32:23	Bundy and his band of armed extremists are awaiting prosecution in Oregon. But in Washington, D.C. extreme... https://t.co/Rbe8fCwoIq	0	1		0	515	1	
701877684716998656	2016-02-22 21:14:14	https://t.co/o5vm5cUt4Q	0	0		0	0	0	
701844457277108224	2016-02-22 19:02:12	RT @AlisonMorrowK5: Thanks again to @MichaelHavrda  @RLongEco for the fun hike/shoot! https://t.co/UhIYoTiYhV	0	1		0	0	0	
701840067208224768	2016-02-22 18:44:46	From documenting endangered lynx and wolves to charting the comeback of wolverines in the Cascades, our Citizen... https://t.co/MyMvxIH6IP	1	2		0	853	2	
700788525801742336	2016-02-19 21:06:19	Here's something fun to end the week with: cougar kittens!#newline##newline#When our Citizen Wildlife Monitoring Project... https://t.co/XMrp42hS5A	0	0		0	0	0	
700788522517540864	2016-02-19 21:06:18	Here's something fun to end the week with: cougar kittens!#newline##newline#When our Citizen Wildlife Monitoring Project... https://t.co/FZvG8VRFlH	0	0		0	0	0	
700759742654746624	2016-02-19 19:11:56	According to preliminary results from a state-funded study by Washington State University, despite wolves and... https://t.co/gbxv0dj3Hr	0	0		0	0	0	
700390981644918784	2016-02-18 18:46:37	We agree that #wolf recovery in WA needs dialogue, collaboration and compromise to work. Great piece by @SRoutside: https://t.co/pgNdiYtQNN	2	1	wolf,	1	613	1	
700390528903307264	2016-02-18 18:44:49	RT @SRoutside: State's official wolf packs status report coming in March https://t.co/YF4lzqkO6r	0	2		0	0	0	
700389117876514816	2016-02-18 18:39:12	The official listing of Washington's wolf packs, territories and breeding pairs through the end of 2015 is being... https://t.co/oR2VkwLMbR	0	0		0	0	0	
700388869842214912	2016-02-18 18:38:13	Great piece from The Spokesman-Review regarding the collaboration and compromise required to recover, conserve... https://t.co/JFJ19T0T04	1	1		0	613	1	
700386882195066881	2016-02-18 18:30:19	RT @Wenatcheeworld: Group seeks 'mineral withdrawal' to stop #Mazama copper mine https://t.co/MisdeRpwLA (@KCMehaffeyWW) https://t.co/SN6dh‚Ä¶	0	2	Mazama,	1	0	0	
700375956360290304	2016-02-18 17:46:55	Ninety Methow Valley business owners sent a letter to Interior Secretary Sally Jewell asking her to withdraw the... https://t.co/PqczGeutMM	0	0		0	0	0	
700108429180821505	2016-02-18 00:03:51	Our Citizen Wildlife Monitoring Project has helped document the presence of rare and recovering wildlife in our... https://t.co/1ZmhOjCoGr	3	2		0	4739	2	
700031141210763264	2016-02-17 18:56:44	Erosion threats, environmental and community risks prompt our appeal of DNR timber sale in burned area https://t.co/zl3haMO7uA #WAwildfires	0	0	WAwildfires,	1	0	0	
700029867639705600	2016-02-17 18:51:41	We are appealing a risky "salvage logging" timber sale on 1,200 acres of state forest lands burned during the... https://t.co/6h5F3aofz6	0	1		0	3810	1	
699779037804126208	2016-02-17 02:14:58	"Three UW researchers, who aren‚Äôt wildlife biologists but were intrigued by the earlier study, analyzed the same... https://t.co/9WoTliPef5	1	0		0	0	0	
699753101943701504	2016-02-17 00:31:54	Amazing remote camera footage from Idaho of what's likely a mother grizzly bear with three subadult cubs. The... https://t.co/zaFYx564RE	1	0		0	0	0	
699666331281428480	2016-02-16 18:47:07	RT @NWSportsman: Get out yer calendars -- chance to learn about Okanogan Valley mule deer, issues coming up next month in Omak https://t.co‚Ä¶	0	2		0	0	0	
699631896922198016	2016-02-16 16:30:17	Our Major Gifts Director Paul Bannick Nature and Bird Photography has a new book coming out this year! "Owl" will... https://t.co/tEHEDavC9J	0	0		0	0	0	
699394804136833024	2016-02-16 00:48:10	This spring, the British Columbia Ministry of Environment will release the summary of public comments received on... https://t.co/0SEjvPYOYs	0	1		0	0	0	