735963782761959428	2016-05-26 22:40:14	Organic ag is a win for our bellies, our earth, and our local economy. https://t.co/eeBBfxxECd	0	2		0	1393	2	
733328350320545792	2016-05-19 16:07:57	Hawaii could be the first state to help farmers offset organic certification costs https://t.co/gY55qoyXvM	1	0		0	0	0	
732344531698339841	2016-05-16 22:58:37	Raise a glass to farmland conservation with us on June 21 at @Local360Seattle! https://t.co/QzOY2sb8xQ	1	2		0	1049	2	
731204594311647232	2016-05-13 19:28:55	Now that's what we call land stewardship https://t.co/0OmiWFuIQq	1	0		0	0	0	
730442877189246977	2016-05-11 17:02:07	Check out this environmental food documentary premiering at @siff later this month: https://t.co/wOxiA6OD9h	0	0		0	0	0	
730075699847913474	2016-05-10 16:43:05	Join us next weekend at The Veterans Farm at Orting! Farm tour &amp; BBQ. RSVP here: https://t.co/bAm1CPvHuZ	0	0		0	0	0	
728251634535387137	2016-05-05 15:54:54	#GiveBIG supporters, we are stunned! You helped us raise over $75,000 for farmland in less than 48 hours! THANK YOU! https://t.co/dS1asjprYZ	2	3	GiveBIG,	1	8552	3	
728004054396207104	2016-05-04 23:31:06	We are in the home stretch! Let's keep this #GiveBIG fire burnin' -- donate (or tell your friends to) thru 12am! https://t.co/FVWtB9Xdym	0	0	GiveBIG,	1	0	0	
727959695764246529	2016-05-04 20:34:50	RT @MontlakeEric: #GiveBIG Even more great non-profits! @seattletilth @WA_Toxics @SAFRescue @spl_foundation @PacSci @farmlandtrust @Forterr…	0	2	GiveBIG,	1	0	0	
727959622238117888	2016-05-04 20:34:33	RT @tmsmigun: Happy to #GiveBIG to @WorldVisionUSA @farmlandtrust , @YMCAgreaterSEA and @SeattlePacific. Thanks @SeattleFdn ! Amazing thing…	0	1	GiveBIG,	1	0	0	
727959522224930816	2016-05-04 20:34:09	@tmsmigun Thanks @tmsmigun	0	0		0	0	0	
727959235653308416	2016-05-04 20:33:01	You helped us reach our #GiveBIG goal! And because of all of your gifts, we are in the top 25 for all participating nonprofits! #blushing	0	0	GiveBIG,blushing,	2	0	0	
727932857306357760	2016-05-04 18:48:12	$39,828! Can you help us reach our #GiveBIG goal of $40k before lunch? https://t.co/FVWtB9Xdym	0	0	GiveBIG,	1	0	0	
727924498775740417	2016-05-04 18:14:59	We're less than $1,000 away from our #GiveBIG goal! We are so grateful to our supporters! Show your farmland love at https://t.co/FVWtB9Xdym	0	0	GiveBIG,	1	0	0	
727917025494884352	2016-05-04 17:45:17	$38,753! PCC Farmland Trust supporters, you are amazing! Let's make it $40k by lunchtime!	3	2		0	17036	1	
727897637681123328	2016-05-04 16:28:15	$36K with a broken website? We are in awe of our supporters. Help us get to $40K! #GiveBIG https://t.co/FVWtB9Xdym https://t.co/aCsXN9XSku	2	1	GiveBIG,	1	873	1	
727635000628117505	2016-05-03 23:04:37	There's still time to #GiveBIG for farmland! Donate at https://t.co/FVWtB9Xdym through midnight tomorrow, May 4. https://t.co/hWCE8oBb5r	1	1	GiveBIG,	1	2651	1	
727613731677425664	2016-05-03 21:40:06	@THSEA @SeattleFdn Is this official?	0	0		0	0	0	
727613635183321088	2016-05-03 21:39:43	Tired of website glitches? Still want to support farmland conservation? Give with ease at https://t.co/mjjn4Fgapd. https://t.co/00F2351EyR	1	0		0	0	0	
727592261840609280	2016-05-03 20:14:47	Our own @NataliTerreri hears from other local nonprofits participating in #GiveBIG @THSEA https://t.co/yWsiagsMdk	3	1	GiveBIG,	1	14797	1	
727556915388014592	2016-05-03 17:54:20	Baby lambs make waiting for @SeattleFdn's #GiveBIG website to load WAY easier. Thanks for your patience + support! https://t.co/RPnDGPC3AP	1	0	GiveBIG,	1	0	0	
727553221221191680	2016-05-03 17:39:39	Our supporters have already donated $15K for #GiveBIG. We are so grateful, farmland is too! https://t.co/FVWtB9Xdym https://t.co/ezhrppDWXZ	0	0	GiveBIG,	1	0	0	
727513111557627904	2016-05-03 15:00:16	#GiveBIG is here! Watch your gift grow at https://t.co/FVWtB9Xdym. Today only! https://t.co/OJwmNWwoGf	0	0	GiveBIG,	1	0	0	
726108789443715072	2016-04-29 18:00:00	Great insights on #landaccess from our friends @YoungFarmers https://t.co/DpkzubM361 https://t.co/RVqq8bF8zK	1	0	landaccess,	1	0	0	
725764800865701888	2016-04-28 19:13:07	Join us May 21 to tour The Veterans Farm at Orting and enjoy some local BBQ. This is a free event. RSVP here: https://t.co/bAm1CPvHuZ	0	0		0	0	0	
725396412599427072	2016-04-27 18:49:16	RT @PCC: .@NashsOrgProduce was the first farm preserved for future generations by the @farmlandtrust. #GiveBIG https://t.co/HAIxITwU3X	0	5	GiveBIG,	1	0	0	
725379095043952640	2016-04-27 17:40:27	#GiveBIG is just around the corner! Preschedule your gift and watch it grow. https://t.co/FVWtB9FCGO https://t.co/lXB61xtaKT	1	1	GiveBIG,	1	7130	1	
725085735532007430	2016-04-26 22:14:45	#GiveBIG is right around the corner! Thx to everyone who has prescheduled a gift so far. Watch your dollars grow at https://t.co/FVWtB9FCGO	1	6	GiveBIG,	1	18435	6	
722123656176926724	2016-04-18 18:04:30	#GiveBIG makes your $ go further. Start the day of right and preschedule your gift today! https://t.co/FVWtB9Xdym https://t.co/RG2p4wHggK	2	3	GiveBIG,	1	7855	3	
720020433035141122	2016-04-12 22:47:03	See conservation photographer Florian Schulz at Benaroya Hall next Thurs, April 28. https://t.co/KYhKbBRqPm @grist https://t.co/spsNL8c8ul	1	0		0	0	0	
719618228025180161	2016-04-11 20:08:50	Thanks to all of the #volunteers who came out to Reise Farm this weekend to plant a pollinator hedgerow! https://t.co/wDnC5RrllA	1	0	volunteers,	1	0	0	
719589611601702913	2016-04-11 18:15:07	Are you thinking about joining a CSA this season? Check out these 5 kid-friendly CSA farms. https://t.co/dbeKVWqVX3 https://t.co/2ZGEFTA3Ey	1	0		0	0	0	
718186873886101505	2016-04-07 21:21:08	It's #NationalBeerDay AND #TourdeVance. Coincidence? We think not.	1	0	NationalBeerDay,TourdeVance,	2	0	0	
718149858540949505	2016-04-07 18:54:03	Hear from our longtime friend and partner, farmer Joel Huesby. https://t.co/lolI9CxS7L https://t.co/UTlE0mSlyb	0	0		0	0	0	
717756805171044352	2016-04-06 16:52:12	Tmr is #TourdeVance! Join us for some farm-themed fun in the Vance Building. Local beer, dark chocolate dirt cake...what could be better?	0	0	TourdeVance,	1	0	0	
717396891864997889	2016-04-05 17:02:02	Interesting to see other retailers respond to increasing consumer demand for organics. https://t.co/yiVGokzOcC	1	0		0	0	0	
717105310058414081	2016-04-04 21:43:23	RT @schoonerexact: On-Sight NW Ale - taproom release today (1 keg only)! Bottles for sale at @PCC markets. 50 cent donation to @farmlandtru…	0	1		0	0	0	
717034354862456832	2016-04-04 17:01:26	RT @PCC: On-Sight Ale by @schoonerexact will donate 50-cents to @farmlandtrust for each 22 oz bottle sold. #pccexclusive https://t.co/jm9ry…	0	2	pccexclusive,	1	0	0	
712001832457928704	2016-03-21 19:43:59	Happy first week of spring! Get outside and enjoy the birds and blossoms! #SpringFever2016 https://t.co/q4qe6h2i1q	0	0	SpringFever2016,	1	0	0	
709452264226758657	2016-03-14 18:52:55	RT @PCC: PCC @FarmlandTrust farmer discusses how soil acidification is the most far-reaching threat to food production. » https://t.co/D09y…	0	2		0	0	0	
709452218374574080	2016-03-14 18:52:44	Guess who's #2 on this national list of beers redefining local? Hint, hint: It involves our friends at #TheBreadLab https://t.co/exJsw6FgWm	3	2	TheBreadLab,	1	105464	2	
708090545285914624	2016-03-11 00:41:56	@seattletilth We're excited!!	1	0		0	0	0	
708003263635795968	2016-03-10 18:55:06	We are grateful to our friends @Viva_Farms for growing the next generation of farmers in Skagit Valley. https://t.co/EAe1DmmqRq	0	1		0	873	1	
707639347021897728	2016-03-09 18:49:02	Getting your garden ready for spring? Visit us @seattletilth's edible plant sale this Saturday! https://t.co/Cn4SsG1kr9	1	2		0	7412	2	
707283800292601856	2016-03-08 19:16:13	Happy #InternationalWomensDay! Female farmers: we celebrate you today. https://t.co/zI4hw21M47	0	0	InternationalWomensDay,	1	0	0	
706978743911206913	2016-03-07 23:04:02	Conserving farmland within an agricultural community has many benefits. Learn more: https://t.co/NF06yP44Gd	0	0		0	0	0	
706913614720999424	2016-03-07 18:45:14	RT @Business_Herald: Suburbia won't doom #Snohomish farm thanks to @PCC Farmland Trust and Snohomish County. https://t.co/05YmBjb1WC https:…	0	3	Snohomish,	1	0	0	
706913365784813568	2016-03-07 18:44:14	Nice coverage on Bailey Farm, our first forever farm in Snohomish Valley @everettherald https://t.co/HlcmuqZrhL https://t.co/6nUqFltu8e	0	1		0	873	1	
706912713918709760	2016-03-07 18:41:39	RT @soltoseedfarm: Nice to see @farmlandtrust @PCC step up yet again: "270-acre Snohomish family farm saved for generations to come" https:…	0	2		0	0	0	
705523683301785600	2016-03-03 22:42:08	We're hiring a summer intern! Spread the word. Details here: https://t.co/yvcv2akewt https://t.co/PUPxJQnCsO	0	1		0	873	1	
704752633181896704	2016-03-01 19:38:16	March is here, which means it's #WAWineMonth! Support us by celebrating with Powers wine. https://t.co/gbbthv8bjz	3	0	WAWineMonth,	1	0	0	
704414578998808576	2016-02-29 21:14:57	Swing by our table at the @GTCTC this Saturday for the South Sound Sustainability Expo. https://t.co/YUx5Cz36CJ https://t.co/iPqQ4oj74e	0	0		0	0	0	
703316412492816386	2016-02-26 20:31:14	For us, every day is #FarmerFriday. Share to thank a farmer for their tireless and critical work! https://t.co/Ojzy3AAsLC	0	0	FarmerFriday,	1	0	0	
703312141802037249	2016-02-26 20:14:16	RT @Think_B4U_Eat: Thank an #organic farmer for the values they instil in our next generation. #FarmerFriday #ThinkCanadaOrganic https://t.…	0	6	organic,FarmerFriday,ThinkCanadaOrganic,	3	0	0	
702962800969252865	2016-02-25 21:06:06	Did you know every time you purchase a @chinookbook, you support PCC Farmland Trust? Head to @PCC and snag one today!	3	2		0	17243	2	
702572471774535680	2016-02-24 19:15:05	Thanks @seattletimes and @SeattleFdn for a great digital marketing workshop in advance of #GiveBIG!	10	2	GiveBIG,	1	7679	2	
702570076889849856	2016-02-24 19:05:34	Plant trees with us at Reise Farm! April 9, 9am-12pm. Lunch Provided. Register here: https://t.co/nI9BsRkEAr https://t.co/2Z2d6sAdcv	0	0		0	0	0	
702260500424486917	2016-02-23 22:35:25	#Barley isn't just for beer! Learn about Brigid Meints' work at #TheBreadLab. @peppermeints https://t.co/LHeuS6ckSA https://t.co/EG3ZZpYQ4Z	0	0	Barley,TheBreadLab,	2	0	0	
701924307107258368	2016-02-23 00:19:30	Calling all PNW vegans! You're going to want to read this... https://t.co/P8TRMvj6aj	0	0		0	0	0	
700484464665763840	2016-02-19 00:58:05	RT @PCC: Win-win for #NationalDrinkWineDay: Powers Winery donates $2 to @farmlandtrust for every sale.https://t.co/7QAuvabzuB https://t.co/…	0	1	NationalDrinkWineDay,	1	0	0	
700477310718226433	2016-02-19 00:29:39	Make #NationalDrinkWineDay count! https://t.co/Az02o7ArDm	3	2	NationalDrinkWineDay,	1	17161	2	
698253823098298368	2016-02-12 21:14:19	@CivilEats some fun facts about our most recent conserved farm https://t.co/swWovWtLpL	2	1		0	873	1	
698253712116961281	2016-02-12 21:13:52	@ModFarm some fun facts about our most recent conserved farm https://t.co/bRWLrO45Iq	1	0		0	0	0	
698253310420094977	2016-02-12 21:12:16	@sustainseattle some fun facts about our most recent conserved farm https://t.co/DzrWmLDdVZ	0	0		0	0	0	
698251984013406208	2016-02-12 21:07:00	@snocounty loved collaborating to conserve this farm! https://t.co/GzmeZe15x9	0	0		0	0	0	
698250917687103488	2016-02-12 21:02:46	Love is everywhere this weekend, and we've got plenty for our most recent forever farm! https://t.co/id7iFfIjzo	0	0		0	0	0	
697903635901104128	2016-02-11 22:02:47	Glad to see @POST_fans working to protect farmland along the California coast. #foreverfarms https://t.co/0qcafze2Th https://t.co/GR5GRLsLzD	2	1	foreverfarms,	1	173895	1	
697505496987738113	2016-02-10 19:40:44	Thank you to @acureorganics for supporting farmland conservation through 2016! https://t.co/co4rvTMj2C	2	1		0	7032	1	
697136866257141760	2016-02-09 19:15:55	"No single type of farming can feed the world. Rather, we need a balance of systems.”https://t.co/CrPLWLr3HJ https://t.co/JSi1R2eyXg	1	0		0	0	0	
696816383057928197	2016-02-08 22:02:26	Mycologist @paulstamets teams up with beekeepers to protect colonies using mushrooms. Watch the VIDEO: https://t.co/33ad2mwgEq	1	1		0	12854	1	
695751522148315136	2016-02-05 23:31:03	VIDEO: Watch the highlights from our recent#newline#event at Shelstad Farm celebrating conservation in the Puyallup Valley. https://t.co/0qkNPCB7Ci	0	1		0	873	1	
695385260280778756	2016-02-04 23:15:40	We are thrilled to announce the conservation of Bailey Farm! Learn more: https://t.co/bmp6c6wDQx #foreverfarm https://t.co/46WxiZ0z7m	1	1	foreverfarm,	1	873	1	
695004339774083073	2016-02-03 22:02:01	Want to have an impact on local farmland? Volunteer with us! Learn more here: https://t.co/8UhS57slol https://t.co/jFe9yyOSEs	0	0		0	0	0	
694647808666677248	2016-02-02 22:25:18	RT @WhiteHouse: Let's keep marching until no one is judged by anything but the content of their character. #BlackHistoryMonth https://t.co/…	0	5268	BlackHistoryMonth,	1	0	0	
694220585073819648	2016-02-01 18:07:40	In case you missed it, more on our recent Puyallup Valley #farmlandconservation efforts. https://t.co/THerhzBZfk	0	0	farmlandconservation,	1	0	0	
692843071818461184	2016-01-28 22:53:55	Learn more about our conservation strategy and successes to date in the Puyallup Valley. https://t.co/jfIkGrLrdw https://t.co/5qFiyVJfbf	1	2		0	1052	2	
692105244768075777	2016-01-26 22:02:03	It's not too late to celebrate conservation with us! Join us in Orting, WA this Friday. Register here: https://t.co/JiPZvvKgL9	0	0		0	0	0	
691724776927133696	2016-01-25 20:50:13	Back at you, @Mainefarms!	0	0		0	0	0	
691724565488095232	2016-01-25 20:49:22	RT @CivilEats: How we grow/breed our crops can either make them more climate resilient or more vulnerable https://t.co/Z9XyCtljnR https://t…	0	27		0	0	0	
690286905817219076	2016-01-21 21:36:37	RT @CivilEats: Netflix announces new @michaelpollan documentary series, ‘Cooked’ https://t.co/mSdvWSS2GS via @Eater https://t.co/gAzMv2zNOg	0	137		0	0	0	
689891410670067712	2016-01-20 19:25:04	See which of your favorite brands are also supporters of PCC Farmland Trust! Thank you to our 2016 vendor partners. https://t.co/aWbIYAsuOG	0	1		0	17036	1	
689544910635020288	2016-01-19 20:28:12	Join us next Friday to celebrate conservation in the Puyallup Valley!#newline#Register here: https://t.co/YktlRVtWwB https://t.co/8wUd6QWXoF	2	0		0	0	0	
689251744551809024	2016-01-19 01:03:16	@badger_powers We're so grateful for our partnership with you!	1	0		0	0	0	
689162464034881536	2016-01-18 19:08:30	Ever wonder how we prioritize the farmland we protect? Learn more about our conservation strategy, here: https://t.co/j5cWW7O5Fd	1	1		0	873	1	
685208282605027328	2016-01-07 21:15:59	We're excited to see shifts in the #FarmBill that make the #CSA model accessible to low-income populations. https://t.co/tpEECaeZG7 @ModFarm	1	0	FarmBill,CSA,	2	0	0	
682269356206628864	2015-12-30 18:37:45	Just one more day to make your 2015 impact for farms. Thank you for your support! #nofarmsnofood #foreverfarms https://t.co/jgdPFWvJ11	1	2	nofarmsnofood,foreverfarms,	2	17909	2	
672208022312120321	2015-12-03 00:17:36	We're so grateful for your outpouring of support on #GivingTuesday! We quadrupled what we raised this day last year. https://t.co/ZZ5b2jHNmI	1	0	GivingTuesday,	1	0	0	
671815969858297856	2015-12-01 22:19:43	There are many reasons to support farmland conservation this #GivingTuesday, but here's one. https://t.co/jgdPFWNkpB https://t.co/MCAeyacdMA	1	0	GivingTuesday,	1	0	0	
671494405707051008	2015-12-01 01:01:56	Your generosity goes a long way. This #GivingTuesday your new gift will be matched! https://t.co/jgdPFWvJ11 https://t.co/bQSxXoYaGs	2	3	GivingTuesday,	1	13466	3	
669326718516117505	2015-11-25 01:28:19	High five! 2015 has been a banner year, and we have you to thank for these 5 #BIGWINS. Thank you! https://t.co/OlDFKLXwp8	1	0	BIGWINS,	1	0	0	
669326290550284288	2015-11-25 01:26:37	Thanks to @acureorganics for their ongoing support of farmland conservation!  https://t.co/Yk32JpaeT9	1	0		0	0	0	
666333332389498881	2015-11-16 19:13:40	RT @TAudubon: Successful projects like Orting Valley Farm make Conservation Futures worth keeping! #SaveConservationFutures #newline#https://t.co/8…	0	1	SaveConservationFutures,	1	0	0	
663879861786644480	2015-11-10 00:44:27	With 7 farms conserved in the Puyallup Valley, we're building serious momentum #foreverfarms https://t.co/kwW8SiwI0p https://t.co/YPI3lzgLBo	4	4	foreverfarms,	1	19994	4	
659865962498265089	2015-10-29 22:54:39	Hey #WAfarmers, we want to hear from you! What do you think of this idea? https://t.co/yIy7oZbsLn	0	1	WAfarmers,	1	873	1	
654327410683310080	2015-10-14 16:06:26	Thank you @croftersorganic for your support! https://t.co/4eEbOwKkor	3	0		0	0	0	
644269393917030400	2015-09-16 21:59:28	Thanks for the feature!  https://t.co/jZ8hXSjiRv	1	0		0	0	0	
642468957199269888	2015-09-11 22:45:10	In some parts of WA state, 97% of sampled fields were acidic. We have a serious soil crisis: http://t.co/pF23eRiphu -- Via @Crosscut	1	1		0	873	1	
638866606207168516	2015-09-02 00:10:43	Four farming concepts from indigenous farmers in Mexico that are applicable in the PNW. http://t.co/q2m5SmPdkO	0	0		0	0	0	
638385992794116096	2015-08-31 16:20:55	Great article! @Crosscut How the grow-your-own farming movement meshes nicely w/ local farmland preservation. http://t.co/yp2xBOvX8J	3	0		0	0	0	
637403196793692160	2015-08-28 23:15:39	How the push-pull farming technique works... http://t.co/S1eOsliOwG	0	0		0	0	0	
637288763027292160	2015-08-28 15:40:56	Been thinking of starting a goat farm? Why not win one?! http://t.co/iOBlvXsbBL (This sounds kind of awesome!)	0	0		0	0	0	
636926403762606080	2015-08-27 15:41:02	The increase in use of nitrogen in synthetic fertilizers is making WA farmland soil more acidic. Not good. http://t.co/zhJ34QIbmK	0	0		0	0	0	
636698484075307008	2015-08-27 00:35:22	Here's hoping that Farm to Ballet happens on the West Coast, too! http://t.co/asCNVLNcVG	0	0		0	0	0	
636596639185141760	2015-08-26 17:50:40	Butterfly farming- quite possibly the most beautiful farming of all? http://t.co/PWdxoNua1s	0	0		0	0	0	
634515805393305601	2015-08-21 00:02:11	Looking for a delicious recipe inspired by a sustainable dairy farm? http://t.co/Qdw90vohvV	0	0		0	0	0	
634514082314457088	2015-08-20 23:55:20	Young farmers (like many other college graduates) struggle with student debt. One potential solution: http://t.co/yyxY70tv2x	0	2		0	1078	2	
633682543745830912	2015-08-18 16:51:06	Snoqualmie Valley farmers are experimenting with new water rights to improve water availability for local farms. http://t.co/AVEyotkCay	0	1		0	873	1	
633333913189007361	2015-08-17 17:45:46	Thanks to the volunteers who came out on Friday to clear blackberrie (and hung out with Willy the pig)! http://t.co/5UiNahtuRo	0	0		0	0	0	
628333084929335298	2015-08-03 22:34:15	We're delighted to announce our latest farm conservation success: Shelstad Farm in Orting, WA #foreverfarms http://t.co/jjE5idnN3o	4	1	foreverfarms,	1	873	1	
626059526052032512	2015-07-28 15:59:57	Farmland Trust farms grow over 25 kinds of produce and 9 kinds of livestock. Read about why diversification matters: http://t.co/aAe6azbgRl	0	1		0	873	1	
624618298483683328	2015-07-24 16:33:01	Today is the grand opening of @PCC  #ColumbiaCity! Come see us and the wonderful new store. http://t.co/eyP3QNXUri	1	2	ColumbiaCity,	1	17048	2	
623195136332140544	2015-07-20 18:17:53	Assisted migration might be necessary to prevent extinction of some bumblebee species. @CivilEats http://t.co/guZBTZRAxq	3	6		0	83004	6	
621437458014728192	2015-07-15 21:53:30	Want to help local farmers through this drought? Buy from them, and don't complain about higher prices. #farmerlove http://t.co/GeZGvRBxlQ	0	1	farmerlove,	1	873	1	
620988818011762688	2015-07-14 16:10:46	Great OpEd exploring subsidized land access for farmers who commit to water conservation and sustainable ag practices http://t.co/kcGnnvEQ2i	1	0		0	0	0	
616244654074245120	2015-07-01 13:59:09	RT @RepDelBene: Thanks @JubileeBioFarm and @farmlandtrust for partnering to ensure local, #organicfarming is preserved for #WA01! http://t.…	0	11	organicfarming,WA01,	2	0	0	
616030805169582080	2015-06-30 23:49:23	Thanks to @RepDelBene for her leadership on farmland conservation! What a great conversation today at @JubileeBioFarm http://t.co/tex5Xfd4or	7	6		0	33883	6	
615661935158165504	2015-06-29 23:23:38	#Commuting? Hang with Annie and Sue of @HelsingFarmCSA with this farmer podcast http://t.co/XUvMMLkYsS More on our partnership at min 32	0	0	Commuting,	1	0	0	
609105999400570880	2015-06-11 21:12:41	"Displacement of farmers is neither desirable nor inevitable." @bittman explores how to create more farmers. http://t.co/jTml4Cff1X	2	1		0	12	1	
608348692987412484	2015-06-09 19:03:25	Farmer Nash talks #drought and its impact on #farming this summer. @NRDC http://t.co/N7rCrpG9oN	0	1	drought,farming,	2	873	1	
606209166173073410	2015-06-03 21:21:42	If we protect our farmland, 90% of what Americans eat could potentially come from local farms. http://t.co/7O4JPbk9Q2 #nofarmsnofood	1	1	nofarmsnofood,	1	873	1	
605451660354187264	2015-06-01 19:11:39	"We need to preserve our farmland and treat it as a natural resource" Thank you @FemmeFarm2Table for this lovely post http://t.co/1igydp7W3d	2	3		0	4148	2	
604001572834533376	2015-05-28 19:09:31	Affordable and accessible farmland is key to the future of family farms. Learn how we're working to bridge this gap. http://t.co/88KqtOEi5B	0	0		0	0	0	
603674838625067008	2015-05-27 21:31:11	Gather with us at @Local360Seattle for a local mixer supporting local farms. Tickets $30 http://t.co/Zwns4p5weK http://t.co/wUiuQXTs91	1	0		0	0	0	
601816155406348288	2015-05-22 18:25:27	Has it been ages since you last watched a farm animal video? Here are seven funny ones to get you caught up. http://t.co/yn5u85dNtL	0	0		0	0	0	
598586249897644032	2015-05-13 20:30:57	Do you dream of being a farmer? There's a lot to consider before you make the plunge. Read this first: http://t.co/Rg2PpvkBy9 @grist	0	0		0	0	0	
596470639948529664	2015-05-08 00:24:17	RT @Oxbow_Farm: One upcoming volunteer opportunity this weekend! Come help us plant with @farmlandtrust Saturday from 10-2 http://t.co/1kNd…	0	1		0	0	0	
596106206692782080	2015-05-07 00:16:09	A sincere thanks to the 317 donors who gave $45,730 yesterday. There's still a $10k match &amp; #GiveBig stretch to come! http://t.co/21GNwzOgOI	0	1	GiveBig,	1	6864	1	
595738690900631554	2015-05-05 23:55:46	Wow! 147 of you have given $27k to protect farmland. 7 hours to reach our $40k #GiveBig goal! http://t.co/SHoaKuUFts http://t.co/vhbGY5KVgu	2	1	GiveBig,	1	321	1	
595737564591554560	2015-05-05 23:51:18	@onemorebitener thank you! Fantastic day so far!	1	0		0	0	0	
595641651822997504	2015-05-05 17:30:10	Help conserve local farmland today by participating in #GiveBIG- your gift will be matched! http://t.co/SHoaKuUFts http://t.co/xf9e7dMbJU	0	0	GiveBIG,	1	0	0	
595612900376637443	2015-05-05 15:35:56	RT @HelsingFarmCSA: Are you a champion for farmland? GiveBIG is a one-day, online charitable giving event to inspire people to give... http…	0	1		0	0	0	
595611987469541378	2015-05-05 15:32:18	Thanks @Oxbow_Farm! So many orgs doing great work. Happy #GiveBIG! https://t.co/r19SZOpWbe	0	0	GiveBIG,	1	0	0	
592841787993120768	2015-04-28 00:04:31	Celebrating the release of the newest vintage Powers Farmland Trust wines with a party at @Local360Seattle! Join us http://t.co/Zwns4p5weK	1	1		0	2720	1	
590290546632994816	2015-04-20 23:06:48	@OrganicValley has just released an inspiring sustainability report. Grateful to be among their non-profit partners http://t.co/9ymM1EXfGI	4	4		0	73183	4	
589177035899076608	2015-04-17 21:22:06	What does "local" food mean to you? For the @USDA, it can mean a lot of different things http://t.co/x83isVWTQt	0	1		0	873	1	
588468168441626625	2015-04-15 22:25:19	Farm size matters! Check out @Grist 's video and keep an eye on this series http://t.co/Jkj2xOJm4g	0	0		0	0	0	
588005187635281921	2015-04-14 15:45:35	Did you know plants talk, forage, and have manners? http://t.co/dcgLa5yEbl @ModFarm	0	0		0	0	0	
587782766974107648	2015-04-14 01:01:46	Want to know where to get the farm-freshest food in Puget Sound? Look no further than the Farm Guide &amp; app! http://t.co/hF8Gv0HsLR #eatlocal	1	1	eatlocal,	1	283	1	
587726441829117952	2015-04-13 21:17:57	We're hiring! Learn more about our Community Engagement Manager and Development Assistant positions: http://t.co/pYGWw4nQIp	4	0		0	0	0	
585588499740524545	2015-04-07 23:42:32	View the trailer and grab your tix for @occupyfarmfilm Wed at @SIFFnews Uptown. Chat w/our conservation staff after http://t.co/QQQS2PNzHV	0	0		0	0	0	
583309232579207168	2015-04-01 16:45:33	We're delighted to partner with the Redder Tomorrow Foundation to protect the prime soils of Mars for future farming http://t.co/rAF1iEVYZU	1	0		0	0	0	
583057547151552513	2015-04-01 00:05:26	Seattle author @globlcivilrghts wants the next generation to know #CesarChavez #CisforChange #NoFarmworkersNoFood http://t.co/VvpxCV9ehd	1	1	CesarChavez,CisforChange,NoFarmworkersNoFood,	3	488	1	
582970777974280194	2015-03-31 18:20:39	"We must not speak or think of the land alone or of the people alone, but always and only of both together" -W. Berry http://t.co/Q80ji1jcy6	4	1		0	4594	1	
577914146819158016	2015-03-17 19:27:24	An unsung agricultural hero: why #clover deserves love, not just today, but every day! via @ModFarm #StPaddysDay http://t.co/9SjNmdDgHu	1	0	clover,StPaddysDay,	2	0	0	
576119742844387329	2015-03-12 20:37:05	“Nature can heal if we give her the chance” --Farmers Put Down the Plow for More Productive Soil @nytimes http://t.co/KTyL58pTTt #IYS2015	0	0	IYS2015,	1	0	0	
575809448922324992	2015-03-12 00:04:05	RT @mariahines: Fundraiser dinner for @farmlandtrust tonight at #tilthrestaurant https://t.co/JAjQaUdOui	0	1	tilthrestaurant,	1	0	0	
575332311517921280	2015-03-10 16:28:06	RT @KCDNRP: King County wants to know why local food matters to you: http://t.co/vqLZ2fjoqQ #wafood #localfood http://t.co/Dge9kEj5J3	0	16	wafood,localfood,	2	0	0	
573926637630156800	2015-03-06 19:22:28	We are thrilled to announce the preservation of 42 acres of @HelsingFarmCSA! http://t.co/FeQI0X0heO	3	3		0	10043	3	
573175571636604928	2015-03-04 17:38:00	RT @RuralCAReport: Healthy Soil, Healthful Food—http://t.co/IJXwuJku3s via @farmlandtrust #IYS15 #soil	0	1	IYS15,soil,	2	0	0	
571143847415119872	2015-02-27 03:04:39	RT @Conserve_WA: Thankful for all the great partnerships at the #FbD Workshop! @PSPartnership @wecprotects @farmlandtrust @NOAAFisheries @f…	0	2	FbD,	1	0	0	
570027675437305856	2015-02-24 01:09:23	2015 is International Year of Soils. Celebrate with @lexiconproject #foodlist this week! http://t.co/K9ikUg9swa  #IYS15 #IYS2015	0	0	foodlist,IYS15,IYS2015,	3	0	0	
567471281369391105	2015-02-16 23:51:11	"Agriculture is the most healthful, most useful and most noble employment of man." --George Washington #PresidentialWisdom #PresidentsDay	0	1	PresidentialWisdom,PresidentsDay,	2	62	1	
562304845030244352	2015-02-02 17:41:36	Great article @Food_Tank! So proud of @FemmeFarm2Table and grateful that she's sharing her talent with our community http://t.co/HZjy9bSHfc	2	3		0	18891	3	
562301041186582528	2015-02-02 17:26:29	RT @DaniNierenberg: This Talented Photographer Offers Fresh Take on the Female Farmer: http://t.co/l16gnPwfVi @USDA_ERS @farmlandtrust http…	0	8		0	0	0	
561252218213380096	2015-01-30 19:58:51	From tweed for your chickens to caps for your calves, these cool threads cover your farm friends in Winter.http://t.co/taSvc3PYab @ModFarm	0	1		0	6864	1	
560953948371423232	2015-01-30 00:13:37	Big thanks to @croftersorganic for supporting farmland conservation in 2015! #NoFarmsNoFood	3	1	NoFarmsNoFood,	1	11191	1	
558342322698452992	2015-01-22 19:15:57	Last chance for tix to an amazing meal &amp; conversation w/@joulerestaurant chef &amp; local farmers http://t.co/9lfERB3VOx http://t.co/u7v9PvAxgr	0	3		0	19542	3	
557707855915405312	2015-01-21 01:14:49	A few tix left for #LocalChefsforLocalFarms @joulerestaurant. Join us for 4 courses and conversation w/chef &amp; farmer http://t.co/1dbD3isoQk	0	0	LocalChefsforLocalFarms,	1	0	0	
556237338829807616	2015-01-16 23:51:30	The @NYFCNYFC just released their Guide to Working with Land Trusts. Proud to be a part of such an amazing resource! http://t.co/73sp59UlwJ	0	0		0	0	0	
554801354292473856	2015-01-13 00:45:25	Despite hype, farmers are not as connected as you think. @CivilEats shares that 33% of farmers lack internet access. http://t.co/dofytCUvD9	5	6		0	80682	6	
552990301485142016	2015-01-08 00:48:56	Wow-ee! Nearly $275k &amp; 1230 donors later, you helped us meet our match and exceed our goal. Read all that and more: http://t.co/XzAThxtF51	1	2		0	7737	2	
551105981934227456	2015-01-02 20:01:19	In case your 2015 #resolutions include incorporating more farm-cams into your life, @bonappetit compiled this:  http://t.co/d74JHEyOCz	0	1	resolutions,	1	6864	1	
550749574093369344	2015-01-01 20:25:05	Happy New Year indeed! These brews donate to us when you buy at @PCC throughout January. Thanks @laurelwood1 @fremontbrewing @21stAmendment!	1	5		0	52194	5	
550748320843726848	2015-01-01 20:20:06	Join us Jan 26th at @joulerestaurant for a 4-course feast and conversation with Chef Rachel Yang and local farmers. http://t.co/MaGuUNn6YU	1	2		0	7737	2	
550099328774074369	2014-12-31 01:21:14	Thank you, for standing with us this year. #NoFarmsNoFood http://t.co/7TVOYdOzue	1	0	NoFarmsNoFood,	1	0	0	
549628516334329856	2014-12-29 18:10:24	Here's a bit of 2014 #GoodFoodNews you may have missed. Thanks @Grist http://t.co/zDGOsIq6sb	0	0	GoodFoodNews,	1	0	0	
548540051265974272	2014-12-26 18:05:14	If you want to dig into some grittier reading (pun intended) during this holiday lull, then soil is a great topic! http://t.co/UvMIeHxEwY	1	0		0	0	0	
548207833372581889	2014-12-25 20:05:07	Wishing you the very best this season! From your Farmland Trust http://t.co/IqLjltYEVU	0	0		0	0	0	
547821585516990466	2014-12-24 18:30:18	Santa was spotted making some early deliveries at Mt. Rainier. Did you know he carries a Farmland Trust tote?  http://t.co/sAbCPsqSWb	0	0		0	0	0	
547557779091628032	2014-12-24 01:02:02	Just one more week to make your gift go twice as far! http://t.co/jgdPFXmwpd We're over halfway to our match! http://t.co/kecYxGn3uy	0	0		0	0	0	
545328471358992385	2014-12-17 21:23:33	How much do you know about the Puyallup Valley's rich agricultural history? Fun facts, and old photos, here: http://t.co/5dvAj9bByS	0	1		0	873	1	
545024286021259265	2014-12-17 01:14:50	The holidays are for eating good food, sharing good food, and reading good food books. See: @Food_Tank's Reading List http://t.co/Al0oCpnZfk	0	0		0	0	0	
544644107876851712	2014-12-16 00:04:08	Holiday procrastination getting you down? Here are 7 creative ways to weave farmland protection into your festivities http://t.co/1TFod8voUy	0	0		0	0	0	
543574562005192704	2014-12-13 01:14:09	"Kalette"- the hottest new vegetable for 2015 and quite possibly the next trending baby name #ourpredictions @NPRFood http://t.co/0JMqffp5v1	5	7	ourpredictions,	1	75109	7	
543546545442807808	2014-12-12 23:22:49	Thank you to @EssentialBaking for supporting farmland conservation in 2014! #NoFarmsNoFood http://t.co/MlVBHlMpKv	1	1	NoFarmsNoFood,	1	724	1	
543208232852811776	2014-12-12 00:58:29	Our friends at @PCC have a great gift guide this season. We're honored to be included! http://t.co/lcjYSxn6Ht http://t.co/HVlwyv1ygA	2	3		0	23900	2	
542744373184561152	2014-12-10 18:15:16	What do "felfies", trombone-loving cows, &amp; idioms have in common? All were your fav links of 2014. All that and more: http://t.co/xizWY30R4r	0	0		0	0	0	
542461968418734082	2014-12-09 23:33:06	@NatGeo brings you the most modern history of food you've ever seen. http://t.co/cXXR2bysTQ	0	0		0	0	0	
540915251034611712	2014-12-05 17:07:00	Yes @BeliefBeat, we do use (and love) @MailChimp! Our next e-news will be out Monday. Subscribe here http://t.co/2ekIsUfIXA Thx @ericamills!	0	0		0	0	0	
540670689951223809	2014-12-05 00:55:12	@NewWaveEnviro Thank you for sharing! It was a successful day!	0	0		0	0	0	
540670210554875905	2014-12-05 00:53:18	You can start your education in sustainable agriculture this Winter! http://t.co/vduqBTC9AO, http://t.co/OTvXaaFRgy, https://t.co/yR91BV6knX	0	0		0	0	0	
540310715773370368	2014-12-04 01:04:47	It takes a village to raise the dollars &amp; awareness to protect farmland for the long haul. Thank you! #GivingTuesday http://t.co/QYbdVWjPdJ	1	1	GivingTuesday,	1	949	1	
539945277453398016	2014-12-03 00:52:40	Thank you for sharing your generosity with farmland today! #NoFarmsNoFood #GivingTuesday http://t.co/jjn7jbZcK8 http://t.co/WIqVFyQtb8	0	0	NoFarmsNoFood,GivingTuesday,	2	0	0	
539922585396330497	2014-12-02 23:22:30	Thank you @ltalliance! RT: Shout out to @farmlandtrust, helping produce food for its community! Visit &amp; support at http://t.co/nmFAGpmVxQ	0	0		0	0	0	
539892654012923904	2014-12-02 21:23:34	RT @mariahines: Help me save #local farmland @farmlandtrust today http://t.co/qRLXTsjKKn	0	1	local,	1	0	0	
539845109387251712	2014-12-02 18:14:38	RT @NewWaveEnviro: This #GivingTuesday, join us by giving the gift of farmland. We are proud to support @farmlandtrust. http://t.co/7VQC6Tb…	0	1	GivingTuesday,NoFarmsNoFood,	2	0	0	
539840810414374912	2014-12-02 17:57:33	This #GivingTuesday consider a gift to help secure farmland that will feed our region today, tomorrow, forever. http://t.co/jjn7jbZcK8	3	3	GivingTuesday,	1	24068	2	
539820989488443392	2014-12-02 16:38:47	Thank you @FemmeFarm2Table! We're grateful for your support and your inspiring stories of special farmers on special land.	2	2		0	3495	2	
539820459890442240	2014-12-02 16:36:41	RT @FemmeFarm2Table: It's #GivingTuesday! What organizations or campaigns are you supporting today? We're supporting local farmland preserv…	0	5	GivingTuesday,	1	0	0	
537662616802299904	2014-11-26 17:42:11	For this, we are grateful. http://t.co/jDr94lij53	0	0		0	0	0	
537287096940380160	2014-11-25 16:50:00	Are hipster farmers the future of farming? Young farmers often find themselves competing w/ deep-pocketed developers http://t.co/LDASgWiAkd	0	1		0	205	1	
535861182981095424	2014-11-21 18:23:56	Thank you @KCEGP @kcemployees for pledging for farmland conservation! Today is the last day to pledge-- use Code 9181 http://t.co/rn4EJVZ2Vc	0	1		0	531	1	
534439182299856897	2014-11-17 20:13:25	Enjoying #MeatlessMonday in WA? Buy Sofritas today at Chipotle, get one free later AND support their $10k gift to us! http://t.co/brVCowXoio	0	0	MeatlessMonday,	1	0	0	
532649311470108672	2014-11-12 21:41:06	RT @PCC: [VIDEO] Mark Bittman - How to Change the Food System - http://t.co/2Du3JQ64p2 #GMO #AgChat #GoCoop http://t.co/Kw43YOv5Rx	0	1	GMO,AgChat,GoCoop,	3	0	0	
532617569623347200	2014-11-12 19:34:58	Our friend @AudraGM is in @HuffPostWomen for @FemmeFarm2Table-- Stories of farmers in our backyard &amp; across the globe http://t.co/jLAfXdDaHl	5	2		0	4148	2	
530526860749586436	2014-11-07 01:07:14	"The best time to #plantatree is 20 years ago. The second best time is NOW" Volunteer Saturday http://t.co/eNu5Mn4CfK http://t.co/a2JnAVnXXc	2	3	plantatree,	1	10194	3	
530034350411497475	2014-11-05 16:30:11	What do laughing animals, double headers, and gratitude have in common? They're all in Our Latest Crop of News: http://t.co/A69KYQyr7d	0	0		0	0	0	
528207274238431232	2014-10-31 15:30:02	Happy Halloween! Don't forget to #eatlocals http://t.co/a8IOgfxVvE	2	1	eatlocals,	1	158	1	
525739413972975616	2014-10-24 20:03:38	Today, everyday, we're grateful to local producers and inspired by our community- both changing the food system one meal at a time. #FoodDay	1	0	FoodDay,	1	0	0	
524641014275792896	2014-10-21 19:18:59	@MALT_AG you are primo "conservation in concentration" role models! Thanks for sharing and keep up the great work!	2	0		0	0	0	
524640564198002688	2014-10-21 19:17:12	3 reasons farmers make the best neighbors (to other farmers) #StrengthInNumbers http://t.co/pRO8j2Zpd3	2	1	StrengthInNumbers,	1	2720	1	
524594800872656896	2014-10-21 16:15:21	RT @FemmeFarm2Table: #FemaleFarmers are rockstars! @HelsingFarmCSA got the paparazzi treatment #womeninag @farmlandtrust http://t.co/CIpSOX…	0	33	FemaleFarmers,womeninag,	2	0	0	
521812925208854528	2014-10-14 00:01:10	The Amish (and many others) are reinventing #organic agriculture, replacing pesticides with nutrition (imagine that!) http://t.co/cbMY6gtQyl	2	0	organic,	1	0	0	
520316197225504768	2014-10-09 20:53:43	*facepalm* "@nytimes throws food party, forgets to invite farmers" http://t.co/yNztrjq3Oo We need #farmersatthetable @HuffPostBlog	0	0	farmersatthetable,	1	0	0	
520251469375627264	2014-10-09 16:36:30	Celebrate October with brews that support farmland conservation at @PCC. Thanks to @AYlNGER @AceCider @NoLiBrewhouse and @schoonerexact	3	5		0	30740	5	
518162655773593601	2014-10-03 22:16:18	"10 Things That Would Fix the Food System..." We're all about #9. Thanks @SavorTooth @grist http://t.co/7puaXCZseR	0	1		0	83	1	
517471497716109312	2014-10-02 00:29:53	Supporters make the world go 'round. Meet Bill, in this month's #SupporterSpotlight: http://t.co/ObBN3DZJLD http://t.co/vQjKu9dIfJ	0	0	SupporterSpotlight,	1	0	0	
516747166430142465	2014-09-30 00:31:39	Our friends at @Tahomafarms have a beautiful vision for their conserved farm. You can be part of the transformation https://t.co/oEvzLC0ZW3	2	2		0	465	1	
515883628098625536	2014-09-27 15:20:16	Did you catch our Director Rebecca Sadinsky on @kexp this morning? Thanks for having us on the sustainability segment!	1	1		0	687	1	
514924693426814977	2014-09-24 23:49:48	The talented @AudraGM of @FemmeFarm2Table will lead our next #OntheFarm event focused on #photography! Join us 10/18 https://t.co/eCiMfR27dA	3	3	OntheFarm,photography,	2	4517	3	
514842176422158337	2014-09-24 18:21:54	Thank you for your support @UNFI! We so grateful for partners like you.	0	0		0	0	0	
514201655139913730	2014-09-22 23:56:42	"Autumn... the year's last, loveliest smile" #AutumnEquinox http://t.co/LG40TLwhlt	2	1	AutumnEquinox,	1	98	1	
513097498848919553	2014-09-19 22:49:11	Our Conservation Planning Director celebrates our @ltalliance accreditation at Rally in Providence, RI. #rally14 http://t.co/mWqV8u4BoC	1	0	rally14,	1	0	0	
512395701783769089	2014-09-18 00:20:29	So you want to be a farmer? @ModFarm  lays out the steps (and the makings for a board game?) http://t.co/ZI5YoFiRP4	1	2		0	7065	2	
511662080198717440	2014-09-15 23:45:20	Does kale cause contentment? Early research suggests that healthy eating &amp; psychological flourishing go hand in hand http://t.co/vtQRD8lYAa	1	1		0	272	1	
510518687238201344	2014-09-12 20:01:54	We heart farms, you heart farms, thanks everybody for hearting farms! #FridayFarmSong http://t.co/GjGBVpTQHe	0	0	FridayFarmSong,	1	0	0	
510186322339061761	2014-09-11 22:01:12	Hey, thanks for supporting us @lundbergfarms! #savingfarms for #organicfood http://t.co/YuBvWV3nLE	0	0	savingfarms,organicfood,	2	0	0	
510084858287513600	2014-09-11 15:18:01	@SavorTooth whoops! We'll fix that next time!	0	0		0	0	0	
509843824496353281	2014-09-10 23:20:14	@SavorTooth's new many-part series is on that big question-- the one about feeding ourselves/not wrecking the planet http://t.co/FNyCBG8LCO	0	0		0	0	0	
509471343134650368	2014-09-09 22:40:08	The solution to family farm transition gridlock.. is many solutions. @yesmagazine introduces a few important programs http://t.co/bcH3OIx0UI	0	2		0	51963	2	
509121169136832512	2014-09-08 23:28:40	Cows, trombones, and a big root ball! Find it all, and much more, in the Latest Crop. http://t.co/060vrQ0XRi	0	0		0	0	0	
509041080336396288	2014-09-08 18:10:25	@adalyn_farm looking forward to meeting you too!	1	0		0	0	0	
508023752802959361	2014-09-05 22:47:56	RT @FemmeFarm2Table: #FF Orgs that are bridging the gap; working with farmers, and saving farmland @farmlandtrust @farmsreach @eatsustainab…	0	7	FF,	1	0	0	
508023702987210752	2014-09-05 22:47:44	Thanks for including us @FemmeFarm2Table! Keep up the good work @FarmsReach @eatsustainable @SusFoodTrust	1	0		0	0	0	
507678285640110080	2014-09-04 23:55:10	Washington Organic Week (#wow) is around the corner! Take the pledge, and enjoy organic beer, cider, &amp; chocolate w/ @TilthProducers on 9/10	1	2	wow,	1	2950	2	
507213521353207808	2014-09-03 17:08:21	What's the first component needed to restructure the entire food system, you ask? Well, Farmland Trusts, of course. http://t.co/rHdjJQnK4j	2	1		0	328	1	
506547924122095616	2014-09-01 21:03:31	On #LaborDay, let's celebrate farm and food system workers. Learn how you can help @HuffPostGreen http://t.co/OseMOHWOpU	0	0	LaborDay,	1	0	0	
504417491695595520	2014-08-26 23:57:56	Chef Emily Dann and Farmer Andrew Stout join @farmlandtrust at the @Corsonbuilding for a feast to save local farmland http://t.co/p0VGHbut9s	0	0		0	0	0	
504029171522080768	2014-08-25 22:14:53	Looking forward to this wonderful collaboration with @Corsonbuilding &amp; Andrew Stout of @FullCircleFarms. Join us 9/25 http://t.co/27kJP7PMvs	2	1		0	201	1	
503362418282479617	2014-08-24 02:05:27	It's a little tough to see, but that's Jack Johnson going All In For Farms with a temporary tattoo!… http://t.co/Df4BG0Ug74	0	0		0	0	0	
502198271876415488	2014-08-20 20:59:33	How much does organic certification mean to you?@CivilEats sheds light on aspects of both sides that may surprise you http://t.co/r1SPHpB3O8	2	4		0	19619	4	
501485420237316096	2014-08-18 21:46:56	RT @candy_lion: Before and after #AllinforFarms  at #nashsorganicfarm with @farmlandtrust  Really good time removing… http://t.co/wko4NqwYyx	0	1	AllinforFarms,nashsorganicfarm,	2	0	0	
501475644996603905	2014-08-18 21:08:05	Great @capitalpress profile of the past, present and future of our friends from @BluebirdGrains Farm. #plowtoplate http://t.co/6YA95R4Zto	0	1	plowtoplate,	1	573	1	
500706859968626689	2014-08-16 18:13:12	Every good work party needs a support dog. Rosco's #allinforfarms. #farmdog #rufflife http://t.co/OZOdS5MbSU	0	0	allinforfarms,farmdog,rufflife,	3	0	0	
500698523915264000	2014-08-16 17:40:05	To find out who's #Allinforfarms, look for the tattoos! #tatsforfarms #tahomafarms http://t.co/yU9LdOs6uU	0	0	Allinforfarms,tatsforfarms,tahomafarms,	3	0	0	
500386860967792642	2014-08-15 21:01:39	Farmer Nash is famous! Wait, he was already famous. Well, check him (and @PCC) out on @KING5Evening #AllinforFarms http://t.co/HxLWtWsmwF	1	2	AllinforFarms,	1	23900	2	
500070287396724738	2014-08-15 00:03:42	Who likes @farmlandtrust? @jackjohnson does and so do you! Guess who's going to his concert? We are! And so could you http://t.co/LUh5Woe4xc	0	0		0	0	0	
499684155064467456	2014-08-13 22:29:20	Dispatches from the field: All is well at #CamelotDownsFarm! http://t.co/p54xrnEJom	0	0	CamelotDownsFarm,	1	0	0	
499296134620524544	2014-08-12 20:47:29	#AllinforFarms is in 4 days! We need more volunteers for @dropstonefarms &amp; #NashsOrganic. Sign up, make a difference! http://t.co/1R2SkAbu9R	1	0	AllinforFarms,NashsOrganic,	2	0	0	
498943186036076544	2014-08-11 21:25:00	@GallupNews finds that nearly half of Americans actively try to include #organic food in their diets http://t.co/gGZV0TSIcJ	0	0	organic,	1	0	0	
497872662182780930	2014-08-08 22:31:07	@NYFCNYFC works w/ @WhiteHouse to get young Americans back to the farm with land, capital, and student debt relief http://t.co/AG5U62Btv4	1	0		0	0	0	
497523050808881153	2014-08-07 23:21:53	Attention experienced farmers! We're looking for a qualified tenant or buyer for this conserved Puyallup Valley farm. http://t.co/Y1m6LA7V3a	0	2		0	4383	2	
497511445446545408	2014-08-07 22:35:46	#tbt to last week's post-meeting detour through the Sanford's Farm U-Pick. Last chance for season… http://t.co/WT5UpwXWRZ	0	0	tbt,	1	0	0	
497418659703554048	2014-08-07 16:27:04	@bittman on farmers' markets, and how we can make them even more fantastic than they already are. #farmersmarketweek http://t.co/lvjyCPeqJo	0	0	farmersmarketweek,	1	0	0	
497142643521228802	2014-08-06 22:10:17	Yes, making a difference is all the incentive you need to go #allinforfarms... But if you volunteer… http://t.co/lhurrSUhN1	0	0	allinforfarms,	1	0	0	
497068911138189313	2014-08-06 17:17:18	Read our Latest Crop of News and sign up to go #AllinforFarms with @jackjohnson in just 10 days! http://t.co/ZvFQvE03uy	0	0	AllinforFarms,	1	0	0	
496443859845382145	2014-08-04 23:53:34	Great @KING5Evening clip featuring our friends at @schoonerexact and their special beer supporting us! Find at @PCC http://t.co/eUNY0u8nTl	3	3		0	17786	3	
494993770669039616	2014-07-31 23:51:26	You know the drill: when the FDA fails on antibiotic overuse, just keep voting with your wallet and your roasting pan http://t.co/DsAjdbBTZx	0	0		0	0	0	
494549715678019585	2014-07-30 18:26:55	Wow! Second year in a row that Chef Theilen of @stumblinggoat has donated his @Biteofseattle cook off prize to us. Thanks! #savingfarmland	0	0	savingfarmland,	1	0	0	
494226914987343872	2014-07-29 21:04:13	Volunteer with us at #AllinforFarms and you could win tix to see @jackjohnson! Sign up:http://t.co/U4fsJXAwFV Collaboration w/@allatonceorg	1	2	AllinforFarms,	1	930	2	
492795266848677888	2014-07-25 22:15:21	"We Have Enough Land To Feed Our Growing Population, We Just Have To Use It Right, Study Finds" We thought so... http://t.co/Ka8ONrnW97	0	1		0	181	1	
492778848631943168	2014-07-25 21:10:07	Beautiful day to nip some invasives in the bud (slash dig out their extremely large root systems)… http://t.co/sd3zckw2O8	0	0		0	0	0	
492089619970662401	2014-07-23 23:31:22	Oh hey #newvintage! New look and new taste, but the same great donation to yours truly when you buy at @PCC http://t.co/9ZG3USa0Ev	2	1	newvintage,	1	17036	1	
492066413499006976	2014-07-23 21:59:09	Eating locally grown food makes you stronger, smarter, more beautiful, funnier, says @GreenBowFarm-er. Agree? http://t.co/EAQZPTmb6z	1	2		0	242	2	
491364175646818305	2014-07-21 23:28:43	ICYMI: @littleeorthe Farm on @KING5Evening! Happy chickens (and more!) on conserved organic farmland. Thanks @PCC! http://t.co/81xDQY0Y2G	2	1		0	17036	1	
490280544865751040	2014-07-18 23:42:45	Learn how the unique geology of the Orting Valley makes for prime ag soils. Join us #Onthefarm 7/26 @dropstonefarms https://t.co/e94AgBxir0	0	1	Onthefarm,	1	6864	1	
489500520436871168	2014-07-16 20:03:13	The latest in #organic agriculture: RAPTORS. #newline#http://t.co/sdWZgHfj8s	0	0	organic,	1	0	0	
488823090231533569	2014-07-14 23:11:21	In case you were looking for one more reason to hate neonicotinoids http://t.co/RL6wxaHdpG @guardian	0	0		0	0	0	
488809448102584322	2014-07-14 22:17:08	TOMORROW: special sustainable ag panel w/ photographer Anna Davidson, our Conservation Director &amp; more @SPLBuzz http://t.co/VkXKFKOs1l	0	0		0	0	0	
487658282870267905	2014-07-11 18:02:49	Thanks @FuturewiseWA! RT: #FF to our friends working w/us to protect best farmland in @PierceCo: @farmlandtrust @Farmland @TAudubon	0	0	FF,	1	0	0	
487006581607763968	2014-07-09 22:53:11	How John Muir inspired Dan Barber, and Dan Barber others: the next step in the #farmtotable movement @TheAtlantic http://t.co/gnbfT3hdHl	3	1	farmtotable,	1	16574	1	
486654283018809345	2014-07-08 23:33:17	We dropped the Crop. Read all the July news! http://t.co/ilW9dvSDpN	0	0		0	0	0	
486295495564726273	2014-07-07 23:47:35	America is running out of farmworkers. Will robots step in? #NottheOnion @Vox explores the possibilities. http://t.co/VYduaxDg9R	0	1	NottheOnion,	1	6864	1	
484838267825582081	2014-07-03 23:17:05	#TBT to waaay back in 2013, when you helped us accomplish all these great things. Read our full Annual Report here: http://t.co/I4tTjvg4Cf	0	0	TBT,	1	0	0	
484484862456238080	2014-07-02 23:52:47	@bittman challenges foodies to do more than seek good food, but to fight for a better food system at the same time. http://t.co/kdt2buEMyX	0	0		0	0	0	
484122502688301056	2014-07-01 23:52:53	What do rocks and volcanoes have to do with farming? Find out at our next free #OntheFarm event at @dropstonefarms http://t.co/k6rDVR6b4W	0	0	OntheFarm,	1	0	0	
483759912145539074	2014-06-30 23:52:05	Got 10 minutes to read about food and farming today? Read @grist's 3-part series on the plight of mid-sized farms http://t.co/3jzVgX7WR6	0	0		0	0	0	
482313019506954240	2014-06-27 00:02:39	RT @kcexec launches Local Food Initiative w/ leaders from @MacrinaBakery @PCC @JubileeBioFarm:  #kclocalfood http://t.co/Y1hleXJMoe	2	0	kclocalfood,	1	0	0	
481950527161266177	2014-06-26 00:02:14	Do you find the Ag Census to be a bit... hard to interpret? Fortunately the good folks at @FarmAid have helped us out http://t.co/ppCEvLFh54	0	0		0	0	0	
481946260937523200	2014-06-25 23:45:17	Need more farms in your life? Our friends/supporters at @OrganicValley are touring some of their NW dairies on Sat. http://t.co/fuEEm2fUHx	4	3		0	70228	3	
481586238789394432	2014-06-24 23:54:41	If we don't protect farmland, where will all the #goats practice #parkour? Not all goats can be mountain goats... http://t.co/j6yRExSCv9	1	2	goats,parkour,	2	18007	2	
481540281871790080	2014-06-24 20:52:04	How Wal-Mart's expansion of #organics may threaten #farmers, and the industry itself. http://t.co/wm2Tpom69D	0	0	organics,farmers,	2	0	0	
478976033861820416	2014-06-17 19:02:40	RT @ModFarm: The World Cup of farming: A look at ag (and fútbol) in some contender countries http://t.co/uhAnhG8ecB http://t.co/hwwtt24FI4	0	16		0	0	0	
478680944035901441	2014-06-16 23:30:05	Office yoga? Not great. Yoga #onthefarm? Fantastic! Join us for free yoga Sat at @Tahomafarms http://t.co/W0gBHnPBbq http://t.co/6QrMpMBsXP	0	1	onthefarm,	1	465	1	
477192432996454400	2014-06-12 20:55:16	Stocking up on summer brews at @PCC? These beers donate to the Trust all June long @NoLiBrewhouse @BigSkyBrewing @DiamondKnot Thanks y'all!	1	2		0	6481	2	
476889193562378240	2014-06-12 00:50:18	Know a dad who cares about local food and farms? We'll send a #fathers4farmland card on your behalf when you give http://t.co/6NgJMkio5R	0	0	fathers4farmland,	1	0	0	
476773831990710273	2014-06-11 17:11:54	Board member @mariahines is all-around admirable re:food. Organic advocate &amp; restaurateur, also has a pristine diet http://t.co/pio56qMglc …	0	1		0	328	1	
476513724308529152	2014-06-10 23:58:19	Yoga, on a farm, on the solstice. Not just in your dreams! Join us at @Tahomafarms for this free and unique event! http://t.co/W0gBHnPBbq	0	0		0	0	0	
476155163221442560	2014-06-10 00:13:32	Label look familiar? Yep, a special release benefitting yours truly! Thanks @schoonerexact &amp; @PCC #drinkbeersavefarms http://t.co/a8UJKgZHMO	1	0	drinkbeersavefarms,	1	0	0	
476093914131079168	2014-06-09 20:10:09	RT @NaomiStarkman: 40 maps that explain food in America http://t.co/T0RiYOXR5I via @voxdotcom	0	18		0	0	0	
476082115134517248	2014-06-09 19:23:16	If you haven't yet watched a short video of baby goats running today, you should go ahead and do so. http://t.co/YYzA4Zc2ch	0	0		0	0	0	
475064328786157568	2014-06-06 23:58:56	Lovely day for a hand-delivered gift! Thanks @SavvyHomeExpert! http://t.co/KpVwFiZhZY http://t.co/6prKb6JeRQ	0	0		0	0	0	
475031210758918144	2014-06-06 21:47:20	Meet the Prez, and much more, in our #LatestCrop! http://t.co/gcLB8LbE56 @congoflow http://t.co/N1bs2sJjVY	1	0	LatestCrop,	1	0	0	
474960490364284928	2014-06-06 17:06:19	Not enough #cuteanimals and beautiful #farmscapes in your life? Follow us on @instagram! http://t.co/1fvlkR2Bla http://t.co/arCyug1SJ7	2	0	cuteanimals,farmscapes,	2	0	0	
473607168088752128	2014-06-02 23:28:42	Love the WA Ag community? The WSU Green Times will give you even more reason to be excited about what's emerging here http://t.co/E4dYwUgrI3	0	0		0	0	0	
472511696011943936	2014-05-30 22:55:41	RT @CivilEats: Powerful #infographic story about food we can save http://t.co/VCFvB8vP4P #foodwaste	0	20	infographic,foodwaste,	2	0	0	
472491340744634368	2014-05-30 21:34:48	Will you be at the @MotherEarthFAIR this weekend? We will be! Visit our booth in the Centennial Building. http://t.co/zS8fT7v4zi	0	0		0	0	0	
472155814887976960	2014-05-29 23:21:33	@acureorganics is committed to many great things http://t.co/RD2xcECLTF Like farmland conservation! Thank you! http://t.co/V7LETprBJl	0	1		0	7033	1	
471774021932294145	2014-05-28 22:04:26	It's complicated. The work of land trusts is tricky. Thanks to @lexiconproject for explaining in this video! http://t.co/bOvjRdLoGq	0	1		0	359	1	
471440149562556417	2014-05-27 23:57:45	Heeding history and lessons from drought-ridden regions, WA farmers are being proactive about water conservation http://t.co/yYyHqQHwdX	0	0		0	0	0	
469630009296949249	2014-05-23 00:04:54	Just $12k to goal for farmland stewardship &amp; @jackjohnson's charity pledged to match $2500- please help us get there! http://t.co/DFMoMXmkVK	0	1		0	873	1	
466727445711060992	2014-05-14 23:51:09	How exactly will climate change impact agriculture? This interactive report sheds light on the challenges ahead.http://t.co/FIqnfccUI8	0	0		0	0	0	
465926648475295744	2014-05-12 18:49:04	RT @beerblog: Still tickets available for Monday's beer dinner at @schoonerexact. Benefits local farms http://t.co/46JkLke7NG http://t.co/a…	0	1		0	0	0	
465651794123583489	2014-05-12 00:36:53	Have you celebrated @seabeerweek with a hop farmer? Last chance for farm to table dinner tomorrow at @schoonerexact http://t.co/09ROSJOZeA	0	0		0	0	0	
464555753207259138	2014-05-09 00:01:37	@schoonerexact knows how to do Beer Week &amp; support farmland conservation! Preview Mon's menu https://t.co/s87wiiAZEE http://t.co/rhxBn4kcAk	0	0		0	0	0	
464199377905414144	2014-05-08 00:25:30	Huge thanks to the 257 donors who gave over $37,000 through #GiveBIG yesterday! WOW. Its amazing what you all can do together!	1	0	GiveBIG,	1	0	0	
464185673189044225	2014-05-07 23:31:03	Know a mom who likes beer more than brunch? Day-after Ma's Day is farm to table @seabeerweek dinner w/ @schoonerexact http://t.co/exHZygL5zT	0	0		0	0	0	
463828344677494785	2014-05-06 23:51:09	It's a #GiveBIG giveaway! Gifts $50+ before midnight will be entered to win a ticket to our event at @schoonerexact! http://t.co/MUzQfWQFtG	0	0	GiveBIG,	1	0	0	
463791794652606464	2014-05-06 21:25:55	@tanafranko Thank you for your gift! Such an exciting day :)	0	0		0	0	0	
463782823678054402	2014-05-06 20:50:16	Thanks to the generous donors who have already given $18,000 to our #GiveBIG efforts today!	0	0	GiveBIG,	1	0	0	